NUM,ACH1,ACH2,ACH3,ACH4,ACH5,ACH6,ACH7,ACH8,ACH9,ACH10,ACH11,ACH12,ACH13,ACH14,ACH15,ACH16,ACH17,ACH18,ACH19,ACH20,ACH21,ACH22,ACH23,ACH24,ACH25,ACH26,ACH27,ACH28,ACH29,ACH30
1,9747,4924,9527,-1348,-2803,3890,981,2571,-3297,-1201,-2975,3847,-1342,-2793,3912,0,112,0,6036,3949,8904,7187,8958,7157,-1219,-1,-3473,-3771,7156,7156
2,9747,4940,9527,-114,-3577,3452,-32,3416,-2812,-37,-3663,3349,-114,-3539,3490,0,248,0,6039,3948,8904,7164,8958,7157,-1155,-25,-3473,-3718,7144,7144
3,9743,4902,9527,1271,-4010,2683,-723,3742,-2037,1428,-4041,2543,1266,-3983,2716,0,290,0,6036,3948,8900,7117,8955,7134,-1237,-36,-3473,-3452,7132,7132
4,9750,4848,9527,2418,-4059,1666,-1847,3697,-1112,2461,-4085,1509,2429,-4032,1688,0,163,0,6032,3947,8904,7129,8962,7122,-1325,-47,-3473,-3383,7137,7137
5,9747,4816,9527,3343,-3696,194,-2960,3189,49,3354,-3657,178,3370,-3696,221,0,107,0,6032,3948,8907,7117,8962,7145,-1418,-71,-3473,-3467,7171,7171
6,9740,4836,9527,3793,-3079,-888,-3348,2625,590,3771,-3030,-1103,3830,-3090,-882,0,93,0,6036,3947,8904,7164,8955,7145,-1401,-68,-3473,-3471,7149,7149
7,9743,4892,9527,3982,-2105,-2149,-3459,1730,1763,3933,-2034,-2315,4025,-2132,-2127,0,65,0,6039,3949,8910,7141,8962,7122,-1301,-75,-3473,-3419,7154,7156
8,9743,4930,9527,3776,-926,-3112,-3117,679,2845,3684,-822,-3241,3825,-947,-3096,0,32,0,6036,3950,8904,7211,8958,7169,-1208,-72,-3473,-3188,7151,7151
9,9740,4924,9527,3219,303,-3777,-2573,-135,3545,3078,508,-3847,3262,286,-3772,0,-43,0,6039,3949,8904,7153,8962,7134,-1178,-59,-3473,-3144,7137,7137
10,9750,4878,9527,2380,1661,-4048,-1735,-1088,3758,2191,1763,-4096,2418,1682,-4042,0,-118,0,6039,3948,8900,7141,8958,7181,-1278,-36,-3473,-3314,7161,7161
11,9750,4826,9527,1282,2721,-3956,-714,-2210,3548,1065,2775,-3982,1314,2743,-3967,0,-155,0,6036,3947,8900,7199,8955,7193,-1383,-13,-3473,-3382,7215,7215
12,9747,4814,9527,91,3462,-3528,-35,-3091,3037,-167,3533,-3446,113,3506,-3534,0,-253,0,6039,3947,8904,7187,8958,7240,-1436,2,-3473,-3396,7222,7222
13,9750,4860,9527,-1499,3912,-2641,1241,-3444,2187,-1715,3933,-2532,-1483,3949,-2668,0,-277,0,6039,3948,8904,7222,8958,7204,-1342,25,-3473,-3269,7230,7230
14,9750,4902,9527,-2490,3960,-1716,2206,-3341,1344,-2656,3885,-1628,-2462,4009,-1748,0,-211,0,6039,3948,8900,7246,8955,7204,-1254,34,-3473,-3346,7120,7120
15,9757,4936,9527,-3339,3636,-439,3149,-2967,133,-3495,3533,-275,-3328,3668,-487,0,-202,0,6039,3949,8900,7093,8955,7110,-1178,53,-3473,-3584,7137,7139
16,9760,4916,9527,-3886,2970,784,3660,-2313,-409,-4004,2813,909,-3875,3024,773,0,-160,0,6039,3948,8904,7153,8958,7122,-1190,56,-3473,-3683,7166,7166
17,9757,4860,9527,-4064,2029,2066,3749,-1442,-1512,-4133,1823,2169,-4053,2066,2066,0,-104,0,6036,3947,8897,7117,8952,7193,-1313,56,-3473,-3749,7173,7173
18,9753,4816,9527,-3875,860,3030,3466,-362,-2587,-3895,633,3095,-3869,898,3035,0,-29,0,6036,3947,8904,7141,8958,7204,-1401,57,-3473,-3572,7183,7183
19,9757,4828,9527,-3317,-433,3663,2817,187,-3313,-3306,-654,3695,-3317,-385,3690,0,42,0,6048,3947,8907,7164,8962,7193,-1430,50,-3473,-3603,7161,7161
20,9750,4874,9527,-2457,-1748,3960,2044,1456,-3496,-2380,-1942,3955,-2462,-1721,3977,0,103,0,6036,3948,8900,7164,8955,7122,-1331,24,-3473,-3728,7149,7149
21,9750,4928,9527,-1348,-2803,3879,1025,2587,-3297,-1255,-2970,3841,-1348,-2787,3912,0,135,0,6036,3949,8910,7176,8965,7193,-1213,-2,-3473,-3767,7156,7156
22,9747,4940,9527,-120,-3566,3441,-30,3402,-2822,-102,-3679,3354,-109,-3539,3484,0,243,0,6036,3949,8904,7164,8958,7157,-1167,-26,-3473,-3748,7154,7154
23,9747,4902,9527,1266,-3999,2683,-721,3735,-2053,1433,-4036,2548,1260,-3983,2716,0,290,0,6036,3949,8907,7129,8962,7134,-1225,-37,-3473,-3419,7132,7132
24,9747,4850,9527,2407,-4053,1655,-1903,3683,-1081,2516,-4036,1471,2424,-4042,1682,0,182,0,6036,3948,8904,7082,8958,7169,-1342,-48,-3473,-3374,7149,7149
25,9750,4818,9527,3262,-3761,211,-2892,3213,46,3365,-3641,156,3360,-3696,221,0,131,0,6036,3948,8907,7164,8962,7134,-1430,-72,-3473,-3503,7171,7171
26,9747,4838,9527,3793,-3079,-899,-3363,2608,618,3841,-2959,-1136,3836,-3085,-888,0,117,0,6036,3948,8907,7153,8962,7169,-1389,-67,-3473,-3476,7139,7142
27,9747,4888,9527,3987,-2122,-2138,-3442,1735,1779,3966,-1974,-2326,4036,-2116,-2116,0,84,0,6039,3950,8907,7129,8962,7169,-1295,-74,-3473,-3419,7156,7156
28,9747,4932,9527,3776,-942,-3112,-3119,674,2847,3679,-817,-3246,3825,-947,-3090,0,32,0,6036,3950,8900,7176,8958,7145,-1208,-73,-3473,-3152,7142,7142
29,9747,4922,9527,3154,562,-3810,-2496,-248,3599,3003,643,-3885,3197,546,-3794,0,-47,0,6039,3949,8907,7164,8958,7181,-1178,-59,-3473,-3141,7146,7146
30,9747,4876,9527,2380,1682,-4042,-1761,-1110,3758,2180,1758,-4106,2424,1671,-4048,0,-118,0,6039,3948,8904,7141,8958,7193,-1254,-34,-3473,-3258,7181,7181
31,9750,4828,9527,1271,2732,-3967,-718,-2206,3552,1071,2775,-3982,1320,2743,-3961,0,-169,0,6036,3948,8904,7258,8958,7216,-1383,-13,-3473,-3389,7215,7215
32,9747,4812,9527,97,3473,-3512,-9,-3039,3058,-124,3468,-3490,113,3506,-3523,0,-272,0,6036,3947,8904,7234,8955,7193,-1436,6,-3473,-3419,7212,7212
33,9757,4860,9527,-1505,3917,-2646,1222,-3480,2173,-1709,3933,-2526,-1483,3949,-2663,0,-291,0,6039,3948,8907,7222,8958,7204,-1360,18,-3473,-3240,7212,7212
34,9753,4906,9527,-2484,3971,-1710,2220,-3334,1337,-2651,3895,-1617,-2462,4009,-1737,0,-230,0,6039,3948,8904,7270,8958,7240,-1254,33,-3473,-3351,7244,7244
35,9750,4932,9527,-3361,3652,-466,3185,-2953,131,-3490,3533,-281,-3328,3679,-482,0,-202,0,6039,3948,8897,7047,8949,7062,-1184,51,-3473,-3530,7117,7117
36,9757,4912,9527,-3891,2992,779,3702,-2290,-428,-3971,2829,963,-3864,3030,773,0,-160,0,6039,3949,8904,7141,8958,7145,-1190,56,-3473,-3688,7186,7186
37,9760,4860,9527,-4064,2045,2066,3749,-1444,-1524,-4133,1834,2175,-4069,2072,2072,0,-94,0,6032,3947,8900,7187,8958,7193,-1301,56,-3473,-3735,7193,7193
38,9753,4816,9527,-3875,871,3019,3451,-355,-2583,-3901,633,3089,-3869,892,3024,0,-33,0,6036,3948,8900,7176,8955,7181,-1407,57,-3473,-3594,7193,7193
39,9747,4826,9527,-3328,-428,3663,2838,196,-3302,-3300,-660,3684,-3317,-379,3690,0,42,0,6036,3947,8907,7199,8958,7193,-1430,51,-3473,-3546,7161,7161
40,9757,4872,9527,-2457,-1759,3966,2056,1449,-3501,-2386,-1947,3955,-2462,-1727,3982,0,93,0,6032,3948,8904,7199,8958,7110,-1325,24,-3473,-3696,7159,7159
41,9747,4924,9527,-1348,-2814,3885,1016,2578,-3302,-1249,-2975,3836,-1348,-2787,3917,0,121,0,6036,3948,8897,7164,8955,7193,-1219,-1,-3473,-3769,7156,7156
42,9747,4938,9527,-114,-3577,3452,-23,3400,-2817,-119,-3706,3338,-114,-3539,3484,0,248,0,6036,3948,8907,7129,8962,7157,-1172,-25,-3473,-3734,7134,7134
43,9747,4902,9527,1266,-4005,2683,-718,3735,-2058,1423,-4041,2543,1266,-3978,2716,0,304,0,6032,3948,8900,7141,8958,7134,-1231,-35,-3473,-3443,7132,7132
44,9747,4848,9527,2402,-4059,1655,-1880,3709,-1096,2456,-4096,1498,2424,-4048,1682,0,187,0,6032,3947,8897,7082,8958,7145,-1336,-48,-3473,-3357,7127,7127
45,9750,4816,9527,3257,-3761,389,-2875,3274,81,3284,-3760,167,3289,-3761,411,0,117,0,6036,3947,8907,7153,8965,7145,-1413,-67,-3473,-3443,7151,7151
46,9747,4838,9527,3787,-3085,-899,-3348,2625,580,3776,-3035,-1103,3825,-3090,-882,0,98,0,6036,3947,8900,7187,8958,7122,-1395,-69,-3473,-3504,7149,7149
47,9747,4890,9527,3966,-2127,-2165,-3428,1742,1789,3922,-2045,-2315,4025,-2132,-2127,0,65,0,6039,3949,8907,7129,8962,7134,-1295,-75,-3473,-3412,7154,7154
48,9747,4930,9527,3733,-763,-3209,-3053,522,2955,3619,-649,-3327,3787,-785,-3188,0,28,0,6039,3949,8910,7187,8958,7204,-1190,-73,-3473,-3133,7149,7149
49,9747,4924,9527,3208,297,-3772,-2564,-121,3557,3122,568,-3825,3257,286,-3772,0,-43,0,6036,3948,8900,7105,8955,7145,-1178,-59,-3473,-3134,7166,7166
50,9750,4872,9527,2256,1807,-4059,-1653,-1250,3744,2056,1899,-4101,2305,1823,-4053,0,-122,0,6036,3948,8907,7270,8958,7181,-1284,-35,-3473,-3286,7190,7190
51,9750,4830,9527,1282,2727,-3956,-700,-2213,3555,1076,2781,-3982,1320,2743,-3967,0,-150,0,6039,3947,8907,7270,8962,7251,-1366,-12,-3473,-3414,7212,7212
52,9747,4816,9527,91,3473,-3518,4,-3063,3051,-119,3479,-3484,97,3506,-3528,0,-258,0,6036,3947,8897,7211,8955,7216,-1436,4,-3473,-3412,7210,7210
53,9753,4860,9527,-1499,3917,-2646,1203,-3468,2177,-1709,3933,-2526,-1478,3955,-2663,0,-272,0,6039,3947,8900,7211,8958,7193,-1354,20,-3473,-3291,7217,7220
54,9753,4902,9527,-2479,3971,-1716,2243,-3353,1332,-2662,3890,-1612,-2457,4020,-1737,0,-211,0,6039,3948,8904,7234,8958,7263,-1249,34,-3473,-3322,7186,7120
55,9757,4934,9527,-3350,3630,-455,3203,-2960,133,-3490,3533,-281,-3328,3679,-482,0,-193,0,6039,3947,8897,7071,8952,7086,-1178,51,-3473,-3564,7117,7117
56,9760,4912,9527,-3875,2975,784,3665,-2313,-407,-3998,2813,914,-3864,3024,773,0,-150,0,6039,3948,8904,7176,8958,7157,-1225,55,-3473,-3681,7173,7173
57,9757,4860,9527,-4053,2023,2072,3772,-1442,-1524,-4133,1828,2169,-4053,2077,2066,0,-99,0,6036,3947,8904,7258,8958,7216,-1290,56,-3473,-3709,7183,7183
58,9753,4818,9527,-3869,854,3024,3440,-360,-2580,-3890,638,3095,-3869,892,3030,0,-38,0,6032,3947,8900,7222,8955,7169,-1401,58,-3473,-3558,7171,7173
59,9753,4826,9527,-3323,-428,3663,2831,199,-3292,-3300,-654,3684,-3317,-385,3684,0,42,0,6036,3947,8904,7187,8958,7193,-1436,52,-3473,-3556,7161,7161
60,9750,4874,9527,-2462,-1743,3960,2032,1473,-3494,-2326,-1969,3977,-2457,-1721,3977,0,98,0,6036,3948,8904,7129,8962,7134,-1319,24,-3473,-3728,7159,7159
61,9750,4926,9527,-1353,-2803,3879,1009,2566,-3299,-1255,-2970,3836,-1348,-2787,3912,0,126,0,6032,3949,8904,7164,8958,7157,-1225,-2,-3473,-3773,7144,7146
62,9747,4940,9527,-125,-3566,3452,-30,3416,-2814,-108,-3690,3349,-114,-3539,3484,0,238,0,6039,3948,8907,7129,8958,7145,-1149,-25,-3473,-3709,7151,7151
63,9750,4902,9527,1260,-4005,2678,-723,3742,-2046,1423,-4047,2543,1260,-3988,2716,0,285,0,6036,3948,8897,7153,8955,7134,-1231,-34,-3473,-3446,7151,7151
64,9750,4850,9527,2407,-4059,1655,-1836,3700,-1096,2456,-4090,1498,2424,-4037,1682,0,163,0,6032,3947,8904,7187,8958,7145,-1325,-49,-3473,-3363,7146,7146
65,9747,4820,9527,3251,-3745,389,-2796,3288,91,3268,-3760,162,3289,-3756,405,0,140,0,6036,3947,8907,7211,8965,7145,-1413,-66,-3473,-3488,7168,7171
66,9747,4840,9527,3787,-3079,-915,-3365,2625,583,3771,-3030,-1103,3830,-3085,-888,0,107,0,6042,3947,8910,7187,8962,7204,-1395,-70,-3473,-3463,7139,7139
67,9747,4888,9527,3987,-2111,-2138,-3444,1742,1786,3928,-2039,-2310,4031,-2122,-2127,0,88,0,6039,3949,8904,7117,8958,7110,-1307,-75,-3473,-3422,7154,7154
68,9740,4930,9527,3782,-937,-3101,-3086,683,2840,3673,-817,-3251,3830,-947,-3096,0,32,0,6036,3949,8907,7153,8962,7193,-1196,-71,-3473,-3192,7149,7151
69,9747,4926,9527,3219,303,-3777,-2590,-138,3538,3084,514,-3852,3268,297,-3772,0,-47,0,6039,3947,8904,7176,8962,7122,-1161,-59,-3473,-3152,7156,7156
70,9753,4876,9527,2375,1677,-4042,-1740,-1079,3772,2186,1753,-4096,2418,1671,-4042,0,-122,0,6039,3948,8900,7199,8958,7169,-1260,-36,-3473,-3311,7171,7171
71,9753,4822,9527,1114,2840,-3934,-585,-2344,3505,909,2878,-3944,1157,2846,-3934,0,-169,0,6039,3948,8900,7211,8958,7240,-1389,-11,-3473,-3419,7215,7215
72,9753,4818,9527,102,3468,-3512,-9,-3067,3051,-113,3473,-3490,113,3506,-3528,0,-258,0,6036,3947,8900,7211,8958,7193,-1424,4,-3473,-3421,7203,7205
73,9753,4858,9527,-1510,3912,-2652,1222,-3447,2170,-1731,3912,-2537,-1483,3949,-2668,0,-291,0,6039,3947,8900,7187,8955,7204,-1342,25,-3473,-3249,7220,7220
74,9747,4902,9527,-2484,3966,-1710,2222,-3358,1341,-2656,3885,-1623,-2462,4004,-1743,0,-235,0,6039,3948,8904,7246,8958,7216,-1266,34,-3473,-3342,7244,7244
75,9753,4934,9527,-3355,3646,-466,3161,-2964,128,-3495,3538,-281,-3328,3679,-482,0,-216,0,6036,3948,8900,7258,8958,7251,-1172,51,-3473,-3568,7232,7232
76,9747,4910,9527,-3891,2992,779,3651,-2309,-400,-3998,2819,909,-3864,3024,773,0,-169,0,6039,3948,8900,7258,8952,7240,-1184,56,-3473,-3672,7237,7239
77,9743,4852,9527,-4059,2039,2061,3749,-1442,-1517,-4139,1828,2175,-4059,2072,2066,0,-104,0,6036,3948,8904,7270,8962,7193,-1307,58,-3473,-3725,7198,7198
78,9743,4814,9527,-3875,865,3019,3437,-370,-2580,-3890,643,3095,-3858,898,3035,0,-38,0,6032,3948,8904,7222,8958,7193,-1401,59,-3473,-3563,7183,7183
79,9740,4822,9527,-3323,-423,3663,2833,194,-3295,-3306,-654,3684,-3317,-385,3684,0,46,0,6032,3947,8904,7141,8958,7193,-1436,51,-3473,-3542,7178,7178
80,9743,4870,9527,-2457,-1754,3960,2049,1451,-3498,-2391,-1953,3944,-2452,-1727,3982,0,98,0,6032,3948,8907,7141,8962,7181,-1336,26,-3473,-3730,7161,7161
81,9743,4920,9527,-1342,-2820,3885,1009,2555,-3302,-1244,-2965,3847,-1342,-2782,3917,0,121,0,6032,3951,8904,7176,8958,7193,-1219,0,-3473,-3762,7166,7166
82,9733,4932,9527,-120,-3577,3457,-35,3416,-2810,-102,-3684,3349,-114,-3539,3484,0,252,0,6036,3950,8900,7164,8955,7122,-1167,-25,-3473,-3725,7151,7151
83,9737,4896,9527,1266,-4010,2683,-723,3740,-2051,1423,-4047,2548,1260,-3983,2716,0,299,0,6036,3950,8904,7176,8958,7169,-1243,-36,-3473,-3415,7161,7161
84,9740,4842,9527,2407,-4064,1666,-1892,3679,-1081,2526,-4025,1466,2418,-4048,1682,0,192,0,6032,3949,8900,7187,8955,7181,-1360,-52,-3473,-3371,7146,7149
85,9737,4812,9527,3257,-3761,389,-2847,3297,98,3273,-3765,167,3284,-3750,411,0,135,0,6036,3948,8907,7176,8958,7181,-1430,-66,-3473,-3428,7168,7168
86,9737,4834,9527,3787,-3090,-893,-3374,2627,587,3782,-3040,-1098,3825,-3085,-882,0,103,0,6039,3949,8910,7176,8965,7157,-1383,-68,-3473,-3513,7134,7134
87,9733,4884,9527,3982,-2122,-2143,-3430,1744,1793,3922,-2039,-2315,4025,-2132,-2122,0,70,0,6039,3949,8900,7129,8958,7134,-1319,-75,-3473,-3419,7146,7146
88,9733,4924,9527,3782,-947,-3101,-3131,686,2852,3673,-827,-3246,3825,-953,-3090,0,28,0,6039,3949,8904,7129,8958,7134,-1208,-72,-3473,-3153,7149,7149
89,9733,4918,9527,3214,303,-3772,-2552,-145,3533,3089,514,-3841,3268,297,-3766,0,-52,0,6039,3949,8907,7199,8962,7145,-1172,-59,-3473,-3164,7142,7142
90,9740,4872,9527,2380,1682,-4042,-1782,-1088,3742,2191,1763,-4096,2429,1682,-4037,0,-104,0,6039,3949,8900,7105,8958,7181,-1272,-36,-3473,-3267,7164,7164
91,9740,4822,9527,1260,2710,-3967,-693,-2206,3557,1076,2764,-3982,1314,2737,-3972,0,-150,0,6036,3948,8904,7153,8955,7204,-1383,-13,-3473,-3420,7203,7203
92,9740,4810,9527,91,3473,-3501,0,-3074,3065,-119,3479,-3484,113,3511,-3528,0,-267,0,6039,3948,8907,7187,8962,7216,-1442,4,-3473,-3419,7195,7198
93,9747,4858,9527,-1651,3939,-2522,1344,-3489,2093,-1850,3949,-2402,-1635,3971,-2544,0,-277,0,6039,3948,8907,7199,8958,7181,-1342,25,-3473,-3282,7220,7220
94,9740,4896,9527,-2479,3977,-1716,2238,-3363,1344,-2656,3895,-1617,-2462,4014,-1743,0,-221,0,6039,3949,8907,7258,8958,7263,-1254,35,-3473,-3372,7234,7234
95,9733,4926,9527,-3350,3636,-455,3187,-2974,131,-3490,3538,-281,-3328,3679,-487,0,-188,0,6042,3949,8907,7258,8958,7216,-1178,51,-3473,-3549,7227,7230
96,9737,4900,9527,-3934,2873,968,3690,-2215,-519,-4031,2710,1093,-3913,2921,941,0,-146,0,6036,3949,8904,7129,8958,7216,-1231,53,-3473,-3687,7195,7195
97,9733,4850,9527,-4059,2029,2072,3761,-1416,-1545,-4085,1823,2229,-4042,2072,2066,0,-89,0,6032,3949,8904,7141,8949,7216,-1307,57,-3473,-3728,7198,7198
98,9733,4808,9527,-3864,849,3019,3440,-370,-2599,-3836,606,3143,-3869,898,3030,0,-33,0,6029,3949,8904,7164,8958,7169,-1424,58,-3473,-3537,7181,7181
99,9730,4814,9527,-3323,-428,3663,2864,189,-3295,-3300,-649,3684,-3317,-390,3684,0,42,0,6026,3948,8900,7141,8955,7157,-1436,52,-3473,-3568,7154,7154
100,9733,4864,9527,-2462,-1737,3966,2035,1437,-3496,-2386,-1947,3955,-2457,-1727,3977,0,84,0,6032,3948,8907,7117,8962,7134,-1331,26,-3473,-3726,7146,7146
101,9727,4918,9527,-1359,-2803,3879,1018,2557,-3316,-1255,-2970,3836,-1348,-2787,3912,0,117,0,6032,3949,8904,7187,8958,7134,-1208,-2,-3473,-3763,7146,7146
102,9730,4932,9527,-120,-3583,3452,-35,3400,-2812,-97,-3690,3349,-120,-3545,3484,0,238,0,6036,3949,8904,7153,8955,7110,-1167,-25,-3473,-3727,7129,7129
103,9727,4892,9527,1271,-4010,2694,-707,3763,-2044,1423,-4047,2543,1255,-3988,2710,0,299,0,6036,3949,8907,7059,8955,7134,-1213,-36,-3473,-3446,7129,7129
104,9733,4842,9527,2413,-4064,1650,-1850,3690,-1105,2461,-4085,1498,2424,-4042,1682,0,168,0,6032,3948,8904,7082,8958,7110,-1325,-49,-3473,-3376,7129,7129
105,9733,4812,9527,3262,-3745,389,-2803,3285,91,3279,-3755,173,3289,-3750,416,0,117,0,6036,3948,8904,7117,8962,7193,-1424,-66,-3473,-3486,7178,7178
106,9723,4828,9527,3798,-3074,-910,-3370,2629,597,3765,-3040,-1109,3830,-3096,-893,0,107,0,6042,3947,8907,7176,8962,7169,-1383,-67,-3473,-3472,7142,7142
107,9733,4882,9527,3982,-2105,-2154,-3466,1730,1789,3933,-2039,-2310,4025,-2127,-2127,0,79,0,6045,3947,8907,7129,8965,7145,-1290,-75,-3473,-3419,7142,7142
108,9727,4924,9527,3782,-931,-3106,-3100,655,2878,3711,-762,-3235,3825,-947,-3096,0,37,0,6039,3948,8900,7164,8958,7145,-1190,-73,-3473,-3137,7125,7125
109,9727,4916,9527,3224,303,-3772,-2576,-128,3550,3073,503,-3857,3268,292,-3766,0,-47,0,6039,3948,8907,7117,8958,7157,-1167,-59,-3473,-3149,7134,7134
110,9733,4870,9527,2380,1666,-4042,-1740,-1096,3763,2191,1753,-4063,2424,1671,-4048,0,-108,0,6039,3948,8900,7153,8958,7134,-1254,-35,-3473,-3327,7134,7134
111,9740,4818,9527,1282,2721,-3961,-711,-2238,3571,1065,2775,-3977,1320,2743,-3967,0,-164,0,6036,3947,8904,7234,8958,7181,-1366,-13,-3473,-3382,7195,7195
112,9733,4804,9527,102,3468,-3501,-9,-3060,3070,-124,3468,-3484,102,3500,-3528,0,-258,0,6039,3947,8907,7234,8958,7181,-1436,3,-3473,-3419,7198,7198
113,9737,4850,9527,-1499,3912,-2641,1231,-3470,2189,-1715,3928,-2526,-1478,3960,-2663,0,-286,0,6036,3948,8904,7164,8958,7181,-1354,19,-3473,-3268,7190,7190
114,9740,4900,9527,-2609,3933,-1570,2379,-3309,1210,-2775,3852,-1482,-2587,3977,-1597,0,-225,0,6039,3948,8904,7222,8958,7216,-1237,33,-3473,-3341,7230,7230
115,9733,4924,9527,-3339,3636,-455,3135,-2967,128,-3495,3533,-281,-3323,3679,-482,0,-211,0,6039,3948,8907,7211,8958,7263,-1167,51,-3473,-3578,7215,7215
116,9740,4906,9527,-3886,2981,789,3651,-2313,-407,-3998,2819,909,-3869,3030,779,0,-169,0,6036,3948,8904,7187,8958,7193,-1208,54,-3473,-3676,7198,7198
117,9733,4846,9527,-4064,2034,2066,3733,-1442,-1515,-4133,1828,2169,-4053,2066,2061,0,-104,0,6032,3948,8900,7234,8952,7169,-1301,56,-3473,-3730,7190,7190
118,9733,4808,9527,-3864,860,3019,3466,-370,-2580,-3906,638,3095,-3864,892,3040,0,-38,0,6032,3948,8907,7234,8962,7181,-1413,58,-3473,-3577,7181,7183
119,9730,4816,9527,-3323,-428,3663,2822,189,-3306,-3306,-649,3690,-3312,-385,3690,0,42,0,6023,3948,8904,7187,8958,7181,-1430,51,-3473,-3597,7164,7164
120,9727,4860,9527,-2457,-1748,3960,2035,1423,-3494,-2380,-1947,3949,-2462,-1721,3977,0,103,0,6032,3948,8900,7129,8955,7145,-1331,25,-3473,-3723,7144,7144
121,9727,4914,9527,-1342,-2814,3890,1009,2562,-3309,-1249,-2970,3847,-1353,-2782,3912,0,135,0,6032,3948,8907,7164,8962,7122,-1202,-1,-3473,-3761,7127,7127
122,9727,4932,9527,-114,-3566,3452,-44,3407,-2819,-108,-3679,3354,-114,-3534,3490,0,252,0,6036,3948,8904,7117,8958,7134,-1149,-25,-3473,-3730,7117,7117
123,9723,4892,9527,1271,-3999,2689,-730,3763,-2046,1428,-4047,2548,1260,-3978,2710,0,295,0,6036,3949,8904,7164,8962,7110,-1219,-37,-3473,-3427,7127,7127
124,9730,4836,9527,2407,-4064,1661,-1880,3697,-1100,2451,-4096,1498,2424,-4037,1682,0,187,0,6032,3947,8907,7199,8962,7193,-1348,-49,-3473,-3379,7117,7117
125,9727,4808,9527,3268,-3766,400,-2840,3299,88,3268,-3760,167,3295,-3750,416,0,140,0,6036,3948,8904,7187,8962,7110,-1436,-67,-3473,-3431,7144,7144
126,9727,4828,9527,3793,-3096,-893,-3398,2620,585,3782,-3030,-1098,3830,-3085,-882,0,117,0,6039,3949,8904,7141,8958,7157,-1395,-67,-3473,-3488,7127,7127
127,9727,4878,9527,3987,-2122,-2138,-3440,1735,1782,3917,-2045,-2315,4025,-2122,-2127,0,79,0,6039,3948,8907,7105,8962,7134,-1295,-74,-3473,-3440,7134,7134
128,9730,4920,9527,3776,-953,-3112,-3117,688,2852,3679,-822,-3262,3820,-947,-3096,0,37,0,6036,3948,8900,7164,8958,7145,-1196,-72,-3473,-3151,7127,7127
129,9727,4912,9527,3219,303,-3772,-2524,-121,3538,3084,503,-3857,3268,286,-3772,0,-43,0,6039,3948,8900,7141,8958,7134,-1178,-59,-3473,-3167,7144,7144
130,9730,4868,9527,2375,1688,-4048,-1782,-1088,3754,2186,1753,-4106,2434,1682,-4048,0,-118,0,6039,3948,8907,7153,8962,7145,-1249,-34,-3473,-3269,7154,7154
131,9737,4820,9527,1266,2732,-3961,-716,-2241,3543,1065,2770,-3987,1314,2737,-3967,0,-160,0,6039,3947,8900,7141,8955,7181,-1383,-11,-3473,-3401,7195,7195
132,9733,4806,9527,97,3473,-3518,-25,-3081,3058,-167,3527,-3446,113,3506,-3528,0,-277,0,6036,3948,8900,7176,8958,7240,-1430,6,-3452,-3394,7217,7217
133,9737,4852,9527,-1505,3912,-2646,1227,-3437,2177,-1715,3922,-2532,-1488,3944,-2668,0,-291,0,6042,3948,8907,7211,8962,7193,-1342,27,-3452,-3257,7210,7210
134,9743,4896,9527,-2479,3966,-1716,2220,-3337,1332,-2651,3901,-1617,-2462,4009,-1737,0,-230,0,6039,3949,8900,7234,8958,7216,-1266,35,-3452,-3363,7248,7248
135,9743,4930,9527,-3431,3598,-239,3271,-2868,-11,-3560,3473,-140,-3399,3641,-276,0,-183,0,6039,3948,8897,7093,8949,7074,-1184,54,-3452,-3559,7146,7146
136,9747,4910,9527,-3886,2981,779,3660,-2299,-398,-3998,2819,909,-3869,3019,768,0,-150,0,6042,3947,8907,7199,8962,7181,-1208,56,-3452,-3657,7200,7200
137,9747,4854,9527,-4064,2039,2061,3723,-1447,-1508,-4133,1839,2175,-4059,2077,2066,0,-85,0,6036,3946,8900,7187,8955,7216,-1307,58,-3452,-3721,7205,7208
138,9747,4812,9527,-3875,860,3024,3437,-365,-2566,-3895,633,3084,-3864,892,3024,0,-29,0,6039,3947,8904,7164,8955,7204,-1413,58,-3452,-3539,7203,7203
139,9740,4822,9527,-3323,-428,3668,2824,187,-3281,-3306,-654,3679,-3317,-379,3684,0,42,0,6036,3948,8907,7199,8962,7204,-1413,52,-3452,-3533,7198,7198
140,9743,4870,9527,-2462,-1754,3955,2032,1435,-3468,-2386,-1947,3949,-2468,-1732,3982,0,84,0,6036,3948,8904,7176,8955,7169,-1336,24,-3452,-3699,7183,7183
141,9740,4922,9527,-1348,-2798,3890,1009,2545,-3278,-1255,-2975,3836,-1348,-2787,3917,0,117,0,6039,3948,8904,7187,8955,7263,-1231,0,-3452,-3747,7198,7198
142,9737,4938,9527,-114,-3583,3452,-25,3384,-2803,-102,-3690,3354,-103,-3534,3490,0,252,0,6036,3948,8907,7187,8962,7134,-1172,-24,-3452,-3720,7173,7173
143,9740,4898,9527,1266,-4010,2689,-709,3721,-2035,1423,-4041,2548,1260,-3983,2721,0,285,0,6036,3948,8904,7164,8958,7157,-1243,-36,-3452,-3427,7176,7176
144,9747,4842,9527,2537,-4042,1520,-1997,3655,-964,2575,-4058,1347,2548,-4026,1542,0,140,0,6036,3947,8904,7153,8958,7181,-1366,-53,-3452,-3347,7181,7181
145,9740,4814,9527,3257,-3756,394,-2868,3238,60,3327,-3695,135,3284,-3761,411,0,112,0,6036,3947,8907,7199,8962,7193,-1407,-66,-3452,-3427,7205,7205
146,9740,4834,9527,3787,-3085,-904,-3370,2599,613,3836,-2965,-1141,3830,-3096,-882,0,98,0,6036,3947,8907,7176,8958,7216,-1401,-67,-3452,-3463,7178,7178
147,9740,4884,9527,3982,-2111,-2143,-3421,1718,1777,3917,-2045,-2321,4025,-2132,-2127,0,65,0,6042,3948,8910,7153,8965,7134,-1284,-74,-3452,-3408,7193,7193
148,9740,4926,9527,3776,-926,-3106,-3098,667,2819,3679,-827,-3230,3836,-947,-3085,0,23,0,6039,3948,8907,7211,8962,7193,-1202,-72,-3452,-3121,7168,7168
149,9740,4920,9527,3214,292,-3777,-2508,-138,3522,3084,508,-3852,3257,281,-3777,0,-43,0,6039,3948,8900,7187,8955,7157,-1172,-60,-3452,-3132,7190,7190
150,9740,4870,9527,2380,1661,-4042,-1754,-1084,3728,2180,1753,-4096,2424,1677,-4048,0,-104,0,6039,3948,8904,7164,8962,7240,-1249,-34,-3452,-3252,7212,7212
151,9747,4828,9527,1276,2710,-3967,-711,-2208,3522,1076,2775,-3982,1320,2737,-3967,0,-160,0,6039,3948,8907,7234,8962,7251,-1372,-11,-3452,-3372,7247,7247
152,9743,4812,9527,102,3468,-3512,-2,-3035,3053,-124,3473,-3490,113,3506,-3523,0,-253,0,6036,3947,8897,7082,8952,7098,-1454,7,-3452,-3407,7137,7139
153,9757,4862,9527,-1499,3912,-2646,1213,-3459,2175,-1709,3933,-2526,-1483,3955,-2663,0,-282,0,6039,3947,8900,7199,8958,7193,-1354,20,-3452,-3235,7212,7212
154,9760,4908,9527,-2479,3966,-1710,2227,-3341,1325,-2656,3895,-1612,-2457,4014,-1743,0,-216,0,6045,3947,8904,7270,8962,7251,-1254,37,-3452,-3348,7190,7125
155,9763,4938,9527,-3344,3636,-444,3187,-2953,138,-3490,3527,-281,-3323,3684,-487,0,-197,0,6042,3946,8894,7105,8949,7098,-1172,52,-3452,-3535,7159,7159
156,9770,4912,9527,-3934,2867,968,3709,-2199,-512,-4031,2716,1093,-3913,2916,946,0,-155,0,6042,3947,8900,7187,8958,7240,-1237,53,-3452,-3663,7220,7220
157,9767,4866,9527,-4059,2029,2072,3718,-1433,-1519,-4133,1828,2180,-4048,2072,2066,0,-99,0,6039,3945,8900,7164,8958,7216,-1307,55,-3452,-3723,7210,7210
158,9763,4824,9527,-3880,860,3013,3449,-341,-2569,-3901,638,3078,-3869,887,3030,0,-43,0,6039,3945,8900,7153,8955,7216,-1407,55,-3452,-3548,7210,7212
159,9757,4828,9527,-3317,-423,3663,2845,196,-3285,-3306,-654,3684,-3317,-379,3684,0,46,0,6039,3946,8904,7187,8958,7240,-1418,52,-3452,-3548,7203,7203
160,9760,4880,9527,-2457,-1748,3960,2035,1421,-3477,-2391,-1953,3949,-2462,-1721,3977,0,98,0,6039,3948,8907,7164,8962,7181,-1325,24,-3452,-3716,7183,7186
161,9757,4930,9527,-1348,-2798,3885,1007,2559,-3276,-1255,-2975,3830,-1348,-2782,3912,0,135,0,6036,3948,8904,7199,8958,7204,-1219,-3,-3452,-3775,7210,7210
162,9753,4946,9527,-125,-3561,3452,-37,3393,-2798,-108,-3684,3354,-114,-3539,3490,0,238,0,6036,3948,8904,7222,8962,7204,-1167,-25,-3452,-3723,7203,7203
163,9757,4906,9527,1260,-3999,2678,-693,3728,-2032,1417,-4047,2548,1255,-3983,2716,0,290,0,6036,3948,8904,7129,8962,7204,-1225,-36,-3452,-3430,7183,7183
164,9753,4854,9527,2402,-4053,1655,-1831,3681,-1086,2451,-4096,1498,2418,-4048,1677,0,173,0,6036,3947,8900,7129,8955,7193,-1336,-50,-3452,-3331,7190,7190
165,9753,4822,9527,3262,-3745,394,-2798,3262,86,3268,-3760,173,3295,-3750,416,0,145,0,6036,3947,8910,7187,8965,7216,-1407,-67,-3452,-3439,7217,7217
166,9753,4842,9527,3787,-3079,-899,-3367,2613,571,3776,-3035,-1098,3836,-3085,-888,0,121,0,6029,3947,8904,7222,8958,7216,-1401,-69,-3452,-3451,7195,7198
167,9753,4892,9527,3982,-2122,-2138,-3412,1730,1777,3928,-2039,-2315,4025,-2127,-2127,0,84,0,6039,3947,8907,7187,8962,7193,-1307,-71,-3452,-3385,7193,7195
168,9750,4934,9527,3782,-937,-3106,-3088,658,2822,3673,-822,-3246,3830,-942,-3090,0,32,0,6039,3948,8907,7234,8962,7216,-1208,-72,-3452,-3116,7193,7193
169,9757,4928,9527,3214,297,-3777,-2522,-121,3515,3084,508,-3852,3262,286,-3772,0,-43,0,6036,3948,8900,7141,8962,7181,-1172,-60,-3452,-3129,7208,7210
170,9753,4880,9527,2375,1671,-4042,-1749,-1058,3733,2180,1753,-4101,2424,1671,-4048,0,-118,0,6039,3947,8900,7211,8955,7204,-1254,-35,-3452,-3249,7237,7237
171,9760,4836,9527,1276,2737,-3956,-716,-2213,3524,1065,2770,-3977,1325,2754,-3961,0,-169,0,6036,3947,8907,7141,8958,7145,-1377,-12,-3452,-3363,7139,7139
172,9763,4824,9527,97,3468,-3518,-14,-3067,3044,-124,3479,-3484,113,3506,-3523,0,-272,0,6036,3948,8900,7176,8958,7193,-1436,4,-3452,-3384,7205,7208
173,9773,4866,9527,-1499,3917,-2652,1220,-3447,2166,-1715,3933,-2526,-1483,3949,-2668,0,-291,0,6039,3947,8907,7258,8962,7216,-1354,20,-3452,-3235,7248,7248
174,9767,4914,9527,-2479,3971,-1710,2234,-3339,1337,-2667,3895,-1623,-2457,4014,-1743,0,-230,0,6045,3948,8904,7153,8958,7086,-1254,34,-3452,-3345,7154,7154
175,9777,4942,9527,-3355,3641,-471,3180,-2950,131,-3490,3533,-286,-3328,3673,-487,0,-207,0,6039,3947,8900,7164,8955,7216,-1184,51,-3452,-3529,7212,7215
176,9773,4924,9527,-3891,2992,773,3641,-2295,-400,-3998,2824,914,-3869,3024,773,0,-160,0,6045,3945,8897,7164,8958,7228,-1196,56,-3452,-3657,7247,7248
177,9773,4862,9527,-4069,1904,2202,3718,-1278,-1653,-4128,1693,2294,-4059,1937,2202,0,-85,0,6039,3946,8900,7117,8955,7122,-1336,55,-3452,-3697,7166,7168
178,9780,4830,9527,-3875,860,3013,3433,-365,-2573,-3890,638,3089,-3869,898,3024,0,-38,0,6032,3946,8904,7164,8955,7181,-1389,58,-3452,-3540,7198,7200
179,9773,4836,9527,-3323,-423,3668,2850,187,-3281,-3306,-654,3684,-3323,-390,3684,0,46,0,6036,3946,8900,7153,8958,7193,-1424,52,-3452,-3545,7203,7205
180,9773,4888,9527,-2452,-1759,3966,2002,1440,-3484,-2326,-1958,3982,-2457,-1721,3982,0,98,0,6039,3947,8907,7234,8962,7204,-1325,24,-3452,-3707,7198,7200
181,9770,4936,9527,-1342,-2820,3885,1004,2522,-3285,-1255,-2970,3841,-1348,-2787,3917,0,131,0,6036,3947,8904,7199,8958,7240,-1225,0,-3452,-3744,7210,7212
182,9763,4950,9527,-125,-3583,3462,-39,3398,-2800,-108,-3690,3349,-120,-3534,3490,0,257,0,6036,3948,8907,7222,8958,7181,-1149,-21,-3452,-3702,7186,7188
183,9767,4910,9527,1266,-3999,2683,-704,3728,-2032,1417,-4052,2543,1255,-3983,2721,0,295,0,6036,3948,8900,7117,8955,7204,-1225,-35,-3452,-3423,7181,7181
184,9767,4860,9527,2407,-4059,1661,-1833,3676,-1091,2456,-4090,1498,2429,-4037,1682,0,192,0,6032,3947,8904,7164,8958,7157,-1342,-47,-3452,-3333,7190,7190
185,9763,4828,9527,3257,-3756,400,-2775,3278,88,3273,-3765,167,3284,-3750,411,0,126,0,6036,3947,8907,7176,8958,7240,-1436,-67,-3452,-3450,7212,7212
186,9763,4850,9527,3787,-3090,-893,-3365,2604,566,3776,-3030,-1098,3836,-3090,-882,0,93,0,6036,3947,8907,7222,8962,7193,-1383,-68,-3452,-3453,7186,7186
187,9770,4898,9527,3982,-2122,-2132,-3407,1733,1772,3933,-2039,-2305,4025,-2127,-2122,0,70,0,6039,3947,8907,7187,8958,7181,-1301,-74,-3452,-3405,7215,7215
188,9763,4938,9527,3787,-942,-3101,-3081,681,2826,3673,-827,-3251,3836,-942,-3085,0,28,0,6039,3947,8904,7258,8958,7228,-1202,-71,-3452,-3144,7208,7208
189,9767,4934,9527,3219,297,-3772,-2522,-140,3510,3084,514,-3847,3257,281,-3772,0,-47,0,6039,3947,8907,7199,8965,7228,-1172,-60,-3452,-3128,7208,7208
190,9770,4884,9527,2375,1671,-4048,-1754,-1098,3728,2186,1758,-4096,2424,1671,-4048,0,-108,0,6036,3948,8904,7234,8958,7204,-1243,-37,-3452,-3265,7237,7239
191,9770,4836,9527,1282,2732,-3950,-690,-2187,3529,1076,2770,-3982,1320,2748,-3961,0,-150,0,6036,3948,8900,7059,8958,7110,-1389,-12,-3452,-3357,7164,7166
192,9773,4828,9527,-98,3533,-3436,53,-3126,2953,-340,3527,-3419,-71,3565,-3453,0,-291,0,6036,3947,8904,7258,8958,7228,-1436,4,-3452,-3374,7227,7227
193,9773,4872,9527,-1510,3912,-2657,1243,-3423,2091,-1785,3933,-2472,-1635,3966,-2549,0,-277,0,6039,3947,8900,7234,8958,7240,-1336,28,-3452,-3225,7242,7242
194,9777,4912,9527,-2479,3966,-1716,2243,-3306,1302,-2651,3922,-1574,-2462,4009,-1748,0,-216,0,6045,3948,8897,7199,8958,7110,-1254,37,-3452,-3347,7149,7149
195,9780,4948,9527,-3344,3646,-455,3170,-2939,110,-3490,3538,-281,-3328,3684,-487,0,-188,0,6039,3948,8904,7176,8962,7216,-1172,53,-3452,-3522,7193,7193
196,9783,4924,9527,-3880,2981,784,3660,-2271,-419,-3998,2819,914,-3858,3030,773,0,-141,0,6039,3946,8900,7211,8958,7240,-1196,53,-3452,-3670,7237,7237
197,9780,4870,9527,-4048,2029,2077,3744,-1400,-1526,-4139,1828,2169,-4053,2072,2061,0,-89,0,6036,3945,8907,7187,8958,7228,-1307,56,-3452,-3695,7100,7100
198,9783,4836,9527,-3864,849,3024,3409,-320,-2594,-3890,638,3095,-3869,898,3030,0,-33,0,6032,3946,8904,7047,8958,7086,-1401,57,-3452,-3530,7134,7137
199,9783,4844,9527,-3323,-433,3663,2838,222,-3292,-3306,-665,3684,-3323,-395,3684,0,46,0,6032,3946,8900,7176,8955,7181,-1430,51,-3452,-3546,7181,7183
200,9787,4896,9527,-2468,-1737,3955,1946,1592,-3477,-2261,-2023,3977,-2338,-1878,3993,0,103,0,6039,3946,8904,7141,8958,7145,-1325,20,-3452,-3734,7190,7193
201,9787,4946,9527,-1359,-2798,3879,985,2562,-3288,-1255,-2975,3836,-1348,-2787,3917,0,112,0,6042,3947,8907,7222,8962,7240,-1213,-2,-3452,-3757,7195,7198
202,9777,4956,9527,-130,-3577,3452,-25,3419,-2791,-97,-3695,3349,-125,-3545,3479,0,234,0,6039,3947,8900,7176,8958,7181,-1167,-25,-3452,-3695,7183,7186
203,9783,4918,9527,1271,-4005,2689,-723,3735,-2014,1423,-4047,2553,1266,-3983,2710,0,281,0,6036,3947,8904,7164,8958,7181,-1237,-37,-3452,-3423,7203,7203
204,9780,4862,9527,2402,-4059,1661,-1878,3667,-1056,2521,-4031,1466,2424,-4048,1682,0,163,0,6036,3947,8904,7234,8958,7204,-1360,-54,-3452,-3327,7210,7212
205,9780,4832,9527,3251,-3750,389,-2796,3252,86,3273,-3755,183,3284,-3756,411,0,121,0,6036,3947,8907,7199,8958,7228,-1407,-67,-3452,-3456,7225,7225
206,9770,4854,9527,3793,-3079,-915,-3337,2601,601,3765,-3035,-1103,3836,-3090,-888,0,103,0,6036,3947,8910,7211,8965,7240,-1377,-68,-3452,-3442,7200,7200
207,9773,4906,9527,3982,-2105,-2143,-3428,1704,1789,3933,-2039,-2315,4031,-2127,-2122,0,79,0,6042,3948,8907,7211,8962,7181,-1301,-74,-3452,-3405,7205,7205
208,9770,4942,9527,3782,-937,-3106,-3063,674,2847,3673,-822,-3246,3830,-947,-3090,0,37,0,6036,3948,8904,7222,8958,7251,-1208,-74,-3452,-3158,7200,7200
209,9770,4936,9527,3208,297,-3772,-2543,-124,3526,3084,503,-3852,3257,286,-3772,0,-47,0,6042,3949,8907,7222,8958,7204,-1172,-59,-3452,-3138,7212,7215
210,9777,4890,9527,2386,1677,-4026,-1718,-1086,3718,2180,1758,-4090,2429,1671,-4042,0,-118,0,6036,3949,8904,7234,8958,7228,-1249,-34,-3452,-3272,7227,7227
211,9783,4842,9527,1276,2716,-3961,-660,-2210,3524,1076,2770,-3982,1314,2737,-3972,0,-174,0,6036,3948,8900,7082,8955,7122,-1377,-13,-3452,-3346,7146,7146
212,9780,4830,9527,91,3457,-3507,42,-3067,3028,-162,3468,-3495,97,3506,-3528,0,-253,0,6039,3948,8904,7199,8962,7251,-1436,5,-3452,-3405,7208,7210
213,9787,4878,9527,-1499,3912,-2652,1241,-3444,2161,-1715,3922,-2532,-1478,3955,-2668,0,-291,0,6039,3947,8910,7211,8962,7216,-1348,26,-3452,-3211,7248,7248
214,9793,4922,9527,-2484,3960,-1710,2238,-3346,1316,-2651,3895,-1617,-2468,4009,-1748,0,-235,0,6039,3948,8900,7153,8955,7098,-1243,34,-3452,-3311,7178,7178
215,9790,4952,9527,-3344,3641,-455,3177,-2939,103,-3490,3527,-286,-3323,3679,-482,0,-207,0,6042,3948,8904,7222,8958,7204,-1167,52,-3452,-3499,7212,7215
216,9793,4932,9527,-3886,2975,784,3665,-2266,-442,-3966,2829,968,-3864,3024,779,0,-169,0,6032,3947,8904,7222,8958,7240,-1196,55,-3452,-3656,7242,7244
217,9793,4872,9527,-4069,1904,2202,3723,-1313,-1648,-4079,1758,2288,-4053,1937,2202,0,-94,0,6036,3947,8897,7035,8955,7074,-1319,58,-3452,-3687,7139,7142
218,9797,4840,9527,-3875,849,3019,3409,-292,-2611,-3836,606,3138,-3869,887,3030,0,-43,0,6036,3947,8907,7164,8958,7169,-1389,58,-3452,-3557,7176,7181
219,9793,4850,9527,-3328,-439,3657,2812,262,-3306,-3246,-681,3722,-3323,-390,3679,0,46,0,6036,3946,8904,7199,8958,7193,-1424,50,-3452,-3533,7198,7198
220,9793,4896,9527,-2462,-1748,3955,2037,1456,-3475,-2397,-1953,3949,-2462,-1727,3982,0,107,0,6039,3947,8904,7176,8958,7181,-1325,25,-3452,-3684,7198,7198
221,9787,4952,9527,-1191,-2928,3857,857,2704,-3224,-1098,-3078,3787,-1202,-2906,3879,0,131,0,6039,3949,8900,7222,8955,7204,-1208,-4,-3452,-3727,7210,7212
222,9790,4962,9527,-125,-3572,3452,-18,3405,-2793,-97,-3679,3354,-125,-3539,3490,0,248,0,6036,3948,8904,7199,8958,7204,-1161,-23,-3452,-3713,7200,7200
223,9783,4922,9527,1271,-4005,2689,-725,3730,-2011,1428,-4047,2537,1260,-3983,2716,0,299,0,6036,3948,8904,7222,8958,7193,-1225,-37,-3452,-3424,7181,7183
224,9790,4870,9527,2407,-4064,1655,-1866,3667,-1070,2456,-4085,1504,2424,-4048,1682,0,192,0,6026,3947,8907,7246,8962,7204,-1342,-48,-3452,-3356,7186,7188
225,9793,4840,9527,3257,-3761,405,-2826,3255,74,3273,-3755,194,3278,-3750,416,0,140,0,6036,3947,8904,7234,8962,7216,-1413,-66,-3452,-3442,7225,7225
226,9777,4856,9527,3793,-3101,-904,-3327,2601,601,3760,-3040,-1103,3820,-3096,-893,0,117,0,6036,3947,8904,7211,8958,7216,-1389,-67,-3452,-3446,7212,7212
227,9780,4910,9527,3977,-2127,-2132,-3426,1693,1789,3917,-2056,-2315,4031,-2127,-2127,0,79,0,6039,3948,8913,7199,8965,7228,-1290,-72,-3452,-3394,7208,7210
228,9780,4950,9527,3782,-947,-3101,-3070,629,2850,3717,-768,-3235,3825,-953,-3096,0,37,0,6036,3948,8904,7234,8958,7263,-1184,-71,-3452,-3114,7227,7227
229,9780,4938,9527,3214,297,-3772,-2555,-131,3519,3084,503,-3847,3262,286,-3772,0,-43,0,6039,3948,8904,7211,8962,7193,-1172,-59,-3452,-3126,7222,7225
230,9780,4892,9527,2375,1677,-4042,-1711,-1096,3718,2191,1753,-4079,2429,1671,-4042,0,-118,0,6036,3948,8904,7292,8962,7251,-1254,-34,-3452,-3272,7239,7239
231,9790,4846,9527,1271,2732,-3967,-665,-2206,3515,1065,2770,-3982,1325,2743,-3967,0,-155,0,6036,3947,8900,7164,8958,7110,-1372,-11,-3452,-3353,7168,7168
232,9790,4832,9527,70,3457,-3523,35,-3039,3028,-162,3462,-3495,97,3495,-3534,0,-263,0,6039,3947,8904,7222,8958,7251,-1430,4,-3452,-3393,7225,7225
233,9793,4880,9527,-1499,3912,-2646,1241,-3435,2154,-1709,3928,-2526,-1483,3949,-2668,0,-291,0,6039,3948,8900,7164,8955,7122,-1354,27,-3452,-3228,7132,7134
234,9803,4926,9527,-2479,3966,-1710,2231,-3327,1313,-2651,3890,-1623,-2457,4009,-1743,0,-221,0,6042,3948,8900,7129,8955,7169,-1243,36,-3452,-3308,7225,7225
235,9800,4956,9527,-3339,3646,-460,3166,-2934,110,-3495,3533,-286,-3317,3679,-493,0,-197,0,6042,3948,8900,7222,8955,7193,-1172,54,-3452,-3540,7122,7122
236,9810,4940,9527,-3880,2986,789,3644,-2292,-423,-3987,2824,919,-3858,3035,779,0,-146,0,6045,3947,8904,7129,8958,7110,-1190,56,-3452,-3657,7190,7190
237,9803,4882,9527,-4059,2039,2066,3742,-1414,-1531,-4133,1834,2169,-4053,2072,2061,0,-89,0,6036,3945,8904,7258,8952,7216,-1325,57,-3452,-3718,7222,7225
238,9800,4842,9527,-3869,860,3013,3412,-316,-2594,-3895,643,3095,-3869,892,3024,0,-29,0,6039,3947,8907,7234,8962,7263,-1401,58,-3452,-3555,7248,7248
239,9800,4854,9527,-3328,-433,3652,2814,213,-3295,-3300,-660,3684,-3323,-385,3684,0,42,0,6036,3947,8904,7071,8958,7062,-1418,50,-3452,-3517,7098,7100
240,9807,4908,9527,-2349,-1889,3971,1896,1620,-3480,-2250,-2088,3960,-2338,-1878,3993,0,93,0,6036,3947,8907,7153,8962,7157,-1319,21,-3452,-3724,7151,7151
241,9803,4952,9527,-1348,-2803,3885,969,2606,-3269,-1201,-2970,3847,-1348,-2793,3912,0,117,0,6036,3948,8910,7211,8962,7193,-1208,-1,-3452,-3752,7190,7193
242,9800,4970,9527,-120,-3577,3452,-18,3419,-2786,-48,-3679,3338,-120,-3539,3490,0,248,0,6036,3948,8904,7176,8958,7204,-1161,-25,-3452,-3718,7186,7186
243,9803,4930,9527,1271,-4010,2678,-742,3721,-2028,1423,-4041,2548,1260,-3983,2716,0,290,0,6036,3948,8907,7164,8962,7204,-1231,-36,-3452,-3424,7193,7193
244,9800,4872,9527,2413,-4059,1671,-1889,3667,-1072,2451,-4096,1498,2424,-4042,1682,0,173,0,6036,3947,8907,7164,8958,7263,-1331,-48,-3452,-3322,7212,7212
245,9797,4846,9527,3343,-3691,216,-2915,3173,58,3349,-3652,173,3370,-3696,238,0,107,0,6036,3948,8907,7258,8962,7228,-1418,-71,-3452,-3420,7227,7230
246,9800,4864,9527,3793,-3085,-910,-3337,2599,611,3776,-3035,-1098,3830,-3096,-888,0,98,0,6036,3947,8907,7187,8962,7204,-1389,-67,-3452,-3488,7217,7217
247,9793,4912,9527,3982,-2111,-2149,-3416,1704,1796,3922,-2039,-2315,4025,-2132,-2127,0,70,0,6039,3947,8907,7211,8962,7216,-1313,-75,-3452,-3378,7208,7208
248,9797,4954,9527,3771,-931,-3106,-3114,655,2845,3684,-822,-3235,3825,-953,-3090,0,32,0,6042,3948,8907,7222,8965,7216,-1202,-71,-3452,-3142,7208,7208
249,9793,4946,9527,3219,297,-3766,-2522,-135,3524,3084,514,-3857,3268,286,-3761,0,-47,0,6036,3948,8904,7222,8958,7204,-1184,-59,-3452,-3107,7227,7227
250,9793,4902,9527,2380,1661,-4042,-1714,-1077,3730,2186,1758,-4096,2429,1677,-4053,0,-113,0,6036,3949,8907,7222,8965,7251,-1260,-34,-3452,-3276,7248,7248
251,9800,4854,9527,1282,2716,-3961,-686,-2234,3512,1071,2770,-3982,1314,2737,-3961,0,-160,0,6032,3948,8900,7082,8958,7134,-1383,-10,-3452,-3398,7171,7173
252,9800,4844,9527,97,3468,-3512,-25,-3086,3021,-162,3533,-3446,108,3506,-3528,0,-253,0,6032,3948,8900,7234,8958,7228,-1442,6,-3452,-3384,7234,7237
253,9807,4890,9527,-1499,3906,-2652,1241,-3451,2147,-1709,3933,-2526,-1483,3949,-2673,0,-277,0,6039,3948,8907,7199,8962,7145,-1336,27,-3452,-3263,7125,7127
254,9813,4934,9527,-2479,3966,-1710,2220,-3358,1316,-2651,3895,-1617,-2462,4009,-1743,0,-216,0,6039,3949,8904,7153,8962,7134,-1260,37,-3452,-3314,7220,7220
255,9810,4962,9527,-3344,3630,-450,3185,-2941,112,-3490,3527,-286,-3317,3684,-482,0,-202,0,6036,3948,8897,7199,8952,7157,-1184,53,-3452,-3555,7129,7132
256,9820,4946,9527,-3880,2970,800,3672,-2283,-419,-4004,2813,909,-3858,3024,779,0,-164,0,6039,3947,8904,7176,8958,7157,-1202,56,-3452,-3676,7190,7193
257,9817,4890,9527,-4059,2029,2072,3744,-1423,-1536,-4128,1839,2180,-4059,2077,2072,0,-99,0,6032,3947,8904,7211,8958,7251,-1313,57,-3452,-3700,7227,7230
258,9813,4848,9527,-3869,860,3019,3433,-299,-2576,-3895,638,3084,-3858,892,3024,0,-43,0,6032,3948,8900,7246,8955,7228,-1413,55,-3452,-3542,7227,7227
259,9803,4858,9527,-3323,-433,3663,2803,213,-3285,-3311,-660,3684,-3323,-385,3684,0,46,0,6029,3949,8907,7199,8962,7251,-1418,52,-3452,-3569,7212,7215
260,9813,4906,9527,-2468,-1748,3955,2025,1468,-3475,-2380,-1947,3955,-2468,-1727,3977,0,103,0,6029,3950,8907,7211,8962,7204,-1336,24,-3452,-3703,7217,7217
261,9800,4954,9527,-1348,-2798,3885,990,2580,-3266,-1260,-2975,3830,-1353,-2787,3912,0,145,0,6026,3951,8904,7258,8958,7240,-1213,-1,-3452,-3765,7242,7242
262,9800,4966,9527,-136,-3561,3446,-37,3400,-2782,-102,-3695,3349,-125,-3539,3484,0,238,0,6026,3951,8907,7176,8965,7240,-1161,-24,-3452,-3699,7198,7198
263,9800,4926,9527,1266,-4005,2683,-723,3721,-2018,1417,-4047,2543,1266,-3983,2716,0,295,0,6019,3952,8907,7222,8962,7193,-1237,-37,-3452,-3413,7222,7222
264,9800,4874,9527,2407,-4053,1650,-1903,3665,-1037,2521,-4020,1466,2418,-4042,1682,0,168,0,6019,3951,8904,7234,8958,7228,-1336,-50,-3452,-3342,7230,7234
265,9793,4844,9527,3262,-3745,400,-2873,3236,60,3376,-3636,178,3365,-3696,248,0,131,0,6023,3952,8900,7211,8958,7181,-1418,-72,-3452,-3477,7120,7122
266,9800,4868,9527,3787,-3090,-904,-3344,2587,627,3836,-2970,-1141,3825,-3090,-888,0,126,0,6023,3953,8904,7117,8958,7098,-1389,-68,-3452,-3455,7129,7129
267,9803,4916,9527,3987,-2122,-2143,-3407,1702,1800,3966,-1980,-2326,4025,-2122,-2127,0,79,0,6023,3953,8907,7176,8962,7193,-1301,-71,-3452,-3408,7190,7190
268,9803,4960,9527,3776,-937,-3101,-3079,625,2836,3673,-827,-3251,3836,-942,-3090,0,37,0,6026,3954,8907,7199,8962,7240,-1208,-72,-3452,-3127,7203,7203
269,9800,4946,9527,3154,557,-3804,-2447,-257,3599,2986,627,-3890,3208,551,-3794,0,-47,0,6026,3955,8907,7211,8958,7240,-1172,-58,-3452,-3118,7227,7227
270,9803,4900,9527,2369,1671,-4042,-1733,-1081,3730,2180,1747,-4101,2418,1671,-4048,0,-108,0,6026,3955,8907,7270,8958,7251,-1260,-34,-3452,-3233,7244,7247
271,9803,4858,9527,1271,2743,-3956,-688,-2231,3522,1065,2775,-3977,1325,2743,-3967,0,-169,0,6023,3954,8904,7164,8958,7134,-1372,-11,-3452,-3365,7171,7171
272,9810,4846,9527,81,3457,-3518,32,-3053,3025,-162,3468,-3495,97,3500,-3534,0,-263,0,6023,3954,8904,7258,8958,7228,-1424,5,-3452,-3407,7234,7234
273,9813,4892,9527,-1499,3912,-2646,1248,-3421,2154,-1715,3922,-2532,-1483,3949,-2668,0,-291,0,6026,3954,8897,7059,8955,7062,-1348,19,-3450,-3234,7149,7151
274,9820,4938,9527,-2479,3971,-1716,2236,-3337,1313,-2672,3879,-1634,-2457,4014,-1737,0,-235,0,6026,3956,8907,7246,8962,7228,-1254,35,-3450,-3337,7234,7237
275,9823,4970,9527,-3344,3652,-466,3175,-2950,110,-3484,3538,-281,-3312,3684,-482,0,-211,0,6023,3955,8897,7082,8952,7050,-1178,51,-3450,-3520,7149,7149
276,9823,4942,9527,-3891,2997,784,3686,-2269,-430,-3960,2824,968,-3864,3024,773,0,-155,0,6026,3956,8894,7176,8958,7204,-1208,58,-3450,-3647,7217,7217
277,9823,4894,9527,-4064,2045,2061,3730,-1430,-1531,-4144,1828,2164,-4053,2083,2072,0,-104,0,6023,3954,8907,7199,8962,7240,-1301,58,-3450,-3721,7234,7237
278,9823,4854,9527,-3875,865,3013,3430,-325,-2583,-3890,638,3089,-3869,892,3024,0,-33,0,6019,3953,8900,7093,8955,7110,-1413,58,-3450,-3548,7129,7129
279,9820,4862,9527,-3334,-439,3657,2836,206,-3290,-3306,-654,3690,-3317,-390,3679,0,46,0,6023,3954,8904,7129,8955,7181,-1424,51,-3450,-3543,7156,7159
280,9830,4910,9527,-2452,-1754,3966,2000,1456,-3491,-2386,-1947,3955,-2457,-1721,3982,0,98,0,6023,3955,8904,7199,8962,7157,-1336,25,-3450,-3705,7203,7205
281,9823,4964,9527,-1348,-2814,3890,983,2559,-3285,-1249,-2970,3841,-1348,-2787,3917,0,126,0,6019,3956,8904,7234,8958,7251,-1208,2,-3450,-3766,7215,7217
282,9813,4974,9527,-136,-3583,3441,-23,3409,-2784,-102,-3690,3349,-136,-3545,3479,0,257,0,6023,3956,8907,7222,8958,7193,-1167,-22,-3450,-3720,7203,7205
283,9817,4934,9527,1271,-4005,2683,-730,3730,-2025,1423,-4041,2548,1271,-3978,2716,0,304,0,6023,3957,8900,7222,8955,7216,-1219,-36,-3450,-3420,7203,7205
284,9817,4884,9527,2407,-4064,1661,-1857,3676,-1063,2451,-4090,1504,2418,-4048,1682,0,192,0,6016,3956,8904,7281,8958,7228,-1336,-49,-3450,-3354,7237,7237
285,9813,4852,9527,3246,-3761,394,-2805,3241,79,3268,-3760,189,3284,-3761,411,0,121,0,6016,3957,8907,7281,8962,7228,-1430,-66,-3450,-3452,7176,7178
286,9810,4872,9527,3793,-3085,-904,-3341,2594,594,3771,-3035,-1103,3830,-3090,-882,0,93,0,6023,3958,8904,7176,8962,7181,-1372,-68,-3450,-3446,7176,7176
287,9813,4920,9527,3982,-2122,-2132,-3430,1704,1789,3928,-2045,-2310,4020,-2132,-2122,0,65,0,6023,3958,8904,7176,8965,7228,-1295,-73,-3450,-3394,7217,7220
288,9813,4966,9527,3728,-769,-3209,-3053,477,2948,3625,-649,-3327,3776,-785,-3193,0,28,0,6026,3957,8904,7222,8958,7228,-1190,-73,-3450,-3101,7217,7220
289,9810,4956,9527,3214,292,-3772,-2482,-119,3531,3100,562,-3830,3262,286,-3772,0,-43,0,6023,3958,8907,7211,8965,7216,-1172,-60,-3450,-3073,7232,7234
290,9817,4902,9527,2256,1801,-4053,-1613,-1248,3714,2039,1882,-4068,2294,1823,-4053,0,-118,0,6023,3958,8904,7270,8958,7204,-1272,-33,-3450,-3272,7125,7125
291,9820,4864,9527,1282,2716,-3961,-695,-2229,3522,1071,2770,-3977,1325,2737,-3972,0,-150,0,6019,3958,8907,7164,8962,7181,-1366,-9,-3450,-3350,7212,7215
292,9827,4852,9527,81,3473,-3518,42,-3067,3021,-156,3479,-3495,102,3511,-3528,0,-249,0,6023,3958,8900,7211,8958,7145,-1436,8,-3450,-3393,7144,7146
293,9833,4898,9527,-1505,3912,-2652,1241,-3461,2149,-1709,3933,-2526,-1478,3955,-2673,0,-282,0,6023,3957,8907,7199,8962,7216,-1348,20,-3450,-3236,7237,7239
294,9830,4944,9527,-2484,3971,-1710,2224,-3341,1316,-2662,3890,-1623,-2457,4004,-1754,0,-216,0,6026,3957,8904,7187,8958,7134,-1237,37,-3450,-3316,7164,7166
295,9837,4976,9527,-3344,3641,-460,3135,-2943,107,-3495,3533,-281,-3323,3679,-482,0,-188,0,6029,3956,8904,7222,8958,7204,-1167,53,-3450,-3556,7215,7217
296,9837,4956,9527,-3891,2975,784,3667,-2285,-421,-3987,2824,919,-3864,3030,773,0,-150,0,6023,3955,8900,7176,8955,7157,-1190,55,-3450,-3633,7142,7142
297,9833,4900,9527,-4053,2023,2072,3754,-1412,-1526,-4133,1828,2169,-4053,2077,2066,0,-80,0,6026,3956,8904,7117,8955,7216,-1313,55,-3450,-3700,7203,7205
298,9837,4862,9527,-3869,844,3019,3426,-316,-2583,-3890,638,3095,-3864,898,3035,0,-43,0,6019,3956,8907,7246,8962,7228,-1395,56,-3450,-3539,7225,7227
299,9830,4868,9527,-3323,-428,3657,2810,208,-3283,-3306,-654,3679,-3317,-390,3679,0,42,0,6023,3956,8904,7176,8958,7228,-1401,50,-3450,-3553,7230,7230
300,9830,4916,9527,-2473,-1737,3955,2021,1475,-3470,-2321,-1964,3987,-2462,-1727,3977,0,93,0,6023,3956,8910,7234,8962,7216,-1319,25,-3450,-3728,7227,7230
301,9823,4966,9527,-1353,-2793,3879,990,2555,-3278,-1255,-2975,3830,-1348,-2787,3912,0,135,0,6019,3958,8904,7211,8958,7240,-1225,-3,-3450,-3731,7234,7237
302,9823,4978,9527,-130,-3572,3452,-46,3409,-2779,-102,-3690,3354,-125,-3539,3490,0,229,0,6016,3958,8907,7258,8958,7251,-1167,-25,-3450,-3699,7215,7217
303,9820,4936,9527,1266,-4010,2683,-735,3716,-2011,1423,-4047,2543,1266,-3988,2716,0,290,0,6019,3958,8900,7234,8958,7204,-1237,-37,-3450,-3412,7230,7232
304,9820,4886,9527,2402,-4059,1655,-1875,3662,-1067,2451,-4096,1498,2418,-4048,1682,0,168,0,6016,3956,8907,7316,8962,7251,-1313,-49,-3450,-3332,7225,7227
305,9813,4852,9527,3257,-3750,389,-2807,3262,81,3268,-3760,183,3289,-3756,411,0,126,0,6016,3956,8904,7199,8962,7181,-1413,-66,-3450,-3406,7137,7139
306,9820,4876,9527,3782,-3079,-910,-3363,2592,599,3771,-3035,-1109,3820,-3096,-893,0,103,0,6019,3957,8907,7141,8965,7110,-1383,-67,-3450,-3475,7154,7156
307,9823,4928,9527,3987,-2111,-2143,-3412,1704,1798,3922,-2039,-2305,4031,-2127,-2122,0,79,0,6023,3957,8907,7222,8962,7193,-1295,-74,-3450,-3391,7212,7215
308,9820,4966,9527,3782,-937,-3106,-3096,651,2840,3679,-822,-3246,3825,-947,-3096,0,42,0,6026,3958,8904,7258,8958,7263,-1208,-71,-3450,-3128,7239,7242
309,9820,4962,9527,3219,303,-3772,-2503,-135,3519,3078,497,-3857,3262,286,-3772,0,-43,0,6026,3958,8907,7222,8962,7204,-1172,-58,-3450,-3121,7115,7117
310,9833,4918,9527,2375,1671,-4048,-1747,-1112,3735,2191,1758,-4096,2418,1671,-4042,0,-118,0,6026,3958,8904,7141,8958,7134,-1249,-35,-3450,-3234,7181,7181
311,9827,4864,9527,1120,2835,-3940,-559,-2339,3470,909,2862,-3933,1157,2840,-3934,0,-178,0,6023,3956,8904,7270,8962,7228,-1377,-9,-3450,-3338,7149,7151
312,9833,4858,9527,97,3457,-3512,-4,-3079,3030,-124,3473,-3484,113,3506,-3534,0,-258,0,6026,3957,8904,7187,8962,7169,-1430,6,-3450,-3391,7195,7198
313,9837,4904,9527,-1499,3917,-2646,1243,-3454,2156,-1715,3922,-2532,-1483,3939,-2679,0,-286,0,6026,3958,8904,7199,8958,7228,-1342,28,-3450,-3250,7186,7120
314,9843,4948,9527,-2479,3955,-1710,2257,-3330,1320,-2656,3885,-1634,-2462,4009,-1743,0,-225,0,6026,3959,8900,7105,8952,7086,-1260,37,-3450,-3341,7193,7193
315,9843,4978,9527,-3344,3641,-455,3201,-2939,105,-3500,3533,-286,-3323,3684,-482,0,-211,0,6026,3958,8904,7234,8958,7216,-1172,54,-3450,-3528,7132,7134
316,9853,4962,9527,-3880,2981,784,3648,-2283,-421,-3998,2824,919,-3858,3035,784,0,-164,0,6026,3956,8900,7082,8958,7157,-1208,55,-3450,-3662,7193,7195
317,9850,4906,9527,-4059,2034,2061,3747,-1407,-1529,-4133,1834,2169,-4059,2066,2061,0,-108,0,6019,3956,8904,7258,8955,7228,-1307,57,-3450,-3721,7117,7120
318,9853,4870,9527,-3875,854,3019,3423,-323,-2590,-3895,633,3089,-3869,892,3030,0,-38,0,6026,3956,8904,7071,8958,7110,-1401,58,-3450,-3531,7154,7154
319,9850,4878,9527,-3323,-428,3657,2843,208,-3295,-3306,-654,3684,-3317,-385,3690,0,46,0,6019,3957,8907,7199,8958,7193,-1407,51,-3450,-3562,7200,7200
320,9850,4922,9527,-2462,-1748,3960,2018,1461,-3463,-2397,-1953,3944,-2468,-1721,3982,0,98,0,6023,3958,8904,7187,8958,7216,-1331,24,-3450,-3700,7215,7217
321,9847,4976,9527,-1337,-2814,3890,985,2557,-3278,-1260,-2975,3830,-1348,-2782,3917,0,135,0,6023,3958,8907,7258,8962,7263,-1208,0,-3450,-3752,7222,7225
322,9840,4986,9527,-136,-3577,3446,-23,3407,-2782,-97,-3690,3354,-125,-3539,3484,0,248,0,6019,3958,8904,7246,8958,7204,-1161,-25,-3450,-3720,7230,7232
323,9837,4948,9527,1266,-4005,2689,-721,3718,-2016,1428,-4041,2548,1266,-3983,2710,0,295,0,6019,3958,8904,7281,8958,7181,-1231,-36,-3450,-3422,7164,7164
324,9837,4892,9527,2402,-4064,1661,-1868,3674,-1039,2510,-4031,1466,2424,-4048,1682,0,187,0,6019,3958,8907,7187,8962,7204,-1360,-51,-3450,-3326,7215,7217
325,9840,4866,9527,3262,-3766,394,-2791,3255,72,3279,-3755,194,3284,-3756,416,0,135,0,6013,3957,8904,7270,8962,7228,-1401,-67,-3450,-3447,7244,7247
326,9833,4886,9527,3787,-3106,-893,-3334,2587,597,3765,-3035,-1103,3830,-3085,-882,0,117,0,6019,3957,8904,7105,8958,7062,-1383,-67,-3450,-3434,7115,7117
327,9843,4942,9527,3982,-2132,-2138,-3426,1693,1786,3939,-2039,-2310,4025,-2132,-2122,0,74,0,6023,3958,8907,7187,8965,7216,-1284,-74,-3450,-3385,7188,7190
328,9843,4978,9527,3776,-947,-3106,-3063,662,2838,3684,-822,-3241,3830,-947,-3090,0,37,0,6019,3958,8904,7234,8958,7204,-1196,-71,-3450,-3162,7222,7225
329,9837,4970,9527,3214,303,-3772,-2555,-131,3524,3089,508,-3857,3262,286,-3772,0,-43,0,6026,3958,8907,7211,8958,7263,-1172,-59,-3450,-3126,7178,7181
330,9847,4926,9527,2375,1677,-4048,-1714,-1112,3730,2186,1753,-4101,2429,1671,-4048,0,-113,0,6026,3958,8904,7199,8962,7204,-1254,-34,-3450,-3280,7232,7234
331,9857,4880,9527,1271,2727,-3961,-667,-2220,3519,1071,2770,-3982,1314,2737,-3967,0,-155,0,6019,3957,8904,7129,8958,7134,-1372,-12,-3450,-3341,7200,7203
332,9847,4866,9527,75,3468,-3518,46,-3060,3025,-167,3462,-3495,97,3500,-3534,0,-263,0,6023,3957,8907,7292,8958,7287,-1424,5,-3450,-3384,7122,7125
333,9860,4920,9527,-1656,3939,-2522,1353,-3468,2058,-1850,3895,-2456,-1629,3977,-2544,0,-282,0,6026,3958,8907,7141,8962,7181,-1331,28,-3450,-3227,7215,7217
334,9860,4958,9527,-2484,3971,-1716,2222,-3339,1313,-2656,3890,-1628,-2457,4014,-1743,0,-225,0,6026,3958,8900,7222,8955,7169,-1260,36,-3450,-3331,7171,7173
335,9860,4988,9527,-3344,3641,-460,3142,-2941,105,-3495,3533,-286,-3317,3679,-487,0,-197,0,6029,3956,8910,7211,8962,7263,-1172,53,-3450,-3552,7230,7232
336,9867,4964,9527,-3934,2873,968,3690,-2177,-531,-4041,2700,1093,-3913,2921,946,0,-136,0,6026,3956,8900,7129,8955,7062,-1225,52,-3450,-3669,7171,7173
337,9867,4914,9527,-4064,2034,2061,3749,-1377,-1557,-4079,1823,2223,-4059,2072,2056,0,-85,0,6023,3957,8904,7211,8955,7216,-1307,58,-3450,-3714,7212,7215
338,9867,4876,9527,-3869,860,3013,3444,-318,-2606,-3825,611,3138,-3869,892,3019,0,-33,0,6019,3956,8907,7258,8958,7251,-1395,58,-3450,-3544,7125,7127
339,9867,4886,9527,-3317,-428,3657,2805,201,-3285,-3306,-654,3690,-3317,-385,3684,0,37,0,6023,3957,8904,7129,8958,7074,-1413,49,-3450,-3563,7156,7159
340,9867,4932,9527,-2462,-1737,3966,2014,1468,-3473,-2386,-1953,3944,-2462,-1732,3977,0,93,0,6019,3957,8904,7176,8958,7216,-1342,23,-3450,-3721,7208,7210
341,9863,4982,9527,-1353,-2809,3885,978,2571,-3278,-1249,-2970,3836,-1353,-2798,3906,0,121,0,6023,3957,8907,7246,8962,7216,-1202,0,-3450,-3725,7212,7215
342,9863,4998,9527,-130,-3583,3457,-21,3381,-2784,-102,-3690,3349,-130,-3545,3490,0,248,0,6032,3957,8904,7211,8962,7216,-1161,-23,-3450,-3713,7215,7217
343,9857,4958,9527,1271,-4010,2683,-733,3716,-2018,1428,-4041,2543,1260,-3978,2716,0,295,0,6019,3958,8904,7246,8965,7251,-1219,-38,-3450,-3412,7239,7242
344,9863,4908,9527,2413,-4059,1671,-1864,3674,-1070,2445,-4101,1498,2429,-4037,1688,0,187,0,6019,3957,8907,7093,8962,7134,-1331,-49,-3450,-3344,7139,7142
345,9863,4878,9527,3262,-3761,394,-2826,3248,74,3273,-3749,194,3289,-3761,411,0,107,0,6016,3958,8907,7211,8965,7216,-1401,-66,-3450,-3406,7217,7220
346,9860,4898,9527,3787,-3079,-904,-3363,2594,601,3787,-3030,-1098,3825,-3090,-882,0,93,0,6023,3957,8907,7234,8965,7275,-1383,-67,-3450,-3450,7230,7232
347,9857,4946,9527,3977,-2111,-2143,-3395,1700,1798,3922,-2045,-2315,4031,-2132,-2127,0,74,0,6026,3958,8907,7187,8965,7157,-1278,-73,-3450,-3403,7125,7127
348,9860,4990,9527,3765,-937,-3112,-3110,604,2852,3717,-768,-3230,3830,-947,-3090,0,32,0,6019,3958,8907,7153,8965,7193,-1184,-72,-3450,-3144,7188,7190
349,9860,4984,9527,3214,297,-3772,-2491,-145,3524,3084,508,-3841,3262,286,-3766,0,-43,0,6019,3958,8907,7234,8958,7251,-1178,-59,-3450,-3135,7222,7225
350,9863,4934,9527,2375,1661,-4042,-1728,-1081,3735,2180,1818,-4063,2418,1671,-4048,0,-113,0,6026,3958,8907,7234,8962,7228,-1260,-36,-3450,-3231,7159,7161
351,9870,4888,9527,1276,2700,-3961,-672,-2224,3522,1060,2754,-3982,1314,2727,-3972,0,-150,0,6023,3957,8904,7222,8962,7216,-1372,-13,-3450,-3361,7247,7248
352,9870,4878,9527,86,3468,-3518,32,-3084,3021,-162,3473,-3495,102,3506,-3534,0,-249,0,6019,3956,8900,7153,8952,7110,-1418,5,-3450,-3402,7193,7198
353,9880,4924,9527,-1494,3906,-2646,1231,-3461,2149,-1715,3933,-2526,-1483,3949,-2668,0,-277,0,6026,3957,8904,7211,8962,7216,-1336,19,-3450,-3239,7248,7248
354,9880,4972,9527,-2603,3939,-1564,2341,-3309,1182,-2781,3852,-1477,-2576,3987,-1591,0,-211,0,6026,3958,8904,7129,8958,7098,-1225,35,-3450,-3338,7220,7222
355,9880,4996,9528,-3344,3630,-455,3163,-2941,112,-3484,3527,-281,-3323,3679,-482,0,-197,0,6023,3956,8900,7281,8955,7275,-1172,52,-3450,-3503,7181,7186
356,9887,4978,9528,-3880,2970,789,3639,-2290,-416,-4004,2819,903,-3864,3030,779,0,-155,0,6026,3956,8907,7199,8962,7204,-1184,55,-3450,-3635,7181,7115
357,9883,4924,9528,-4064,2023,2072,3749,-1419,-1531,-4139,1834,2169,-4059,2077,2072,0,-94,0,6019,3956,8900,7059,8952,7122,-1301,55,-3450,-3698,7178,7181
358,9880,4882,9528,-3886,854,3019,3421,-313,-2583,-3890,633,3084,-3869,892,3024,0,-38,0,6016,3956,8904,7222,8955,7251,-1395,58,-3450,-3560,7215,7217
359,9873,4892,9528,-3328,-433,3663,2819,189,-3292,-3311,-660,3684,-3334,-395,3684,0,46,0,6023,3957,8910,7234,8965,7251,-1413,50,-3450,-3539,7242,7176
360,9880,4942,9528,-2462,-1743,3960,2011,1489,-3475,-2310,-1953,3987,-2462,-1721,3982,0,103,0,6019,3957,8907,7164,8962,7145,-1307,24,-3450,-3683,7193,7195
361,9870,4992,9528,-1353,-2803,3874,882,2648,-3241,-1120,-3008,3830,-1196,-2895,3879,0,140,0,6019,3958,8904,7281,8962,7263,-1196,-4,-3450,-3739,7242,7244
362,9873,5004,9528,-136,-3572,3446,-23,3421,-2775,-37,-3673,3349,-125,-3539,3479,0,238,0,6023,3958,8907,7164,8962,7169,-1155,-24,-3450,-3697,7112,7115
363,9880,4968,9528,1266,-4005,2678,-742,3728,-1953,1482,-4058,2494,1439,-4010,2602,0,295,0,6019,3958,8910,7129,8965,7181,-1225,-36,-3450,-3423,7166,7168
364,9873,4914,9528,2402,-4053,1655,-1894,3679,-1070,2456,-4085,1504,2424,-4048,1677,0,173,0,6016,3957,8907,7176,8962,7240,-1331,-49,-3450,-3337,7225,7227
365,9873,4886,9528,3251,-3745,389,-2861,3250,74,3268,-3760,189,3289,-3750,416,0,140,0,6023,3957,8913,7246,8968,7263,-1407,-68,-3450,-3442,7134,7137
366,9877,4908,9528,3782,-3090,-910,-3327,2599,606,3782,-3035,-1103,3825,-3090,-888,0,121,0,6019,3957,8904,7141,8962,7134,-1383,-68,-3450,-3480,7149,7151
367,9880,4954,9528,3977,-2122,-2132,-3400,1716,1796,3928,-2050,-2315,4025,-2127,-2132,0,88,0,6023,3957,8907,7199,8965,7240,-1284,-72,-3450,-3401,7232,7234
368,9873,4996,9528,3765,-947,-3101,-3114,634,2833,3673,-833,-3257,3830,-942,-3096,0,37,0,6026,3958,8904,7176,8962,7134,-1196,-71,-3450,-3144,7103,7105
369,9880,4992,9528,3219,303,-3766,-2529,-128,3529,3078,503,-3852,3268,292,-3766,0,-47,0,6023,3958,8907,7153,8962,7193,-1161,-59,-3450,-3102,7186,7188
370,9883,4944,9528,2369,1677,-4037,-1728,-1096,3730,2186,1758,-4096,2424,1677,-4037,0,-122,0,6023,3958,8907,7270,8962,7228,-1254,-34,-3450,-3276,7144,7146
371,9887,4894,9528,1271,2727,-3967,-672,-2227,3522,1065,2764,-3977,1320,2732,-3972,0,-169,0,6026,3958,8904,7176,8958,7193,-1360,-10,-3450,-3384,7220,7222
372,9890,4888,9528,81,3457,-3518,7,-3091,3016,-173,3527,-3452,91,3500,-3539,0,-267,0,6019,3958,8900,7164,8955,7134,-1407,7,-3450,-3388,7166,7168
373,9900,4932,9528,-1499,3912,-2646,1236,-3426,2149,-1704,3928,-2537,-1483,3949,-2668,0,-291,0,6026,3959,8907,7258,8962,7228,-1325,29,-3450,-3267,7146,7149
374,9900,4978,9528,-2484,3960,-1716,2250,-3334,1311,-2662,3890,-1628,-2462,4009,-1737,0,-235,0,6026,3958,8904,7153,8962,7134,-1237,37,-3450,-3305,7212,7215
375,9903,5010,9528,-3426,3614,-233,3276,-2859,-14,-3554,3473,-156,-3393,3641,-271,0,-188,0,6026,3957,8900,7082,8958,7145,-1161,55,-3450,-3533,7173,7176
376,9906,4988,9528,-3886,2997,779,3665,-2278,-416,-4004,2819,909,-3864,3030,773,0,-160,0,6026,3957,8904,7234,8958,7251,-1202,55,-3450,-3666,7248,7248
377,9910,4938,9528,-4064,2045,2061,3718,-1412,-1531,-4133,1839,2175,-4048,2083,2072,0,-104,0,6023,3956,8904,7082,8958,7122,-1284,57,-3450,-3718,7156,7159
378,9910,4898,9528,-3875,860,3008,3440,-330,-2585,-3895,638,3089,-3869,892,3024,0,-38,0,6019,3955,8907,7234,8958,7204,-1389,57,-3450,-3551,7248,7248
379,9900,4902,9528,-3323,-433,3663,2836,196,-3290,-3300,-654,3684,-3317,-385,3684,0,42,0,6023,3956,8904,7093,8955,7098,-1407,52,-3450,-3547,7149,7151
380,9910,4954,9528,-2457,-1759,3960,2016,1444,-3489,-2397,-1947,3955,-2462,-1727,3982,0,93,0,6023,3957,8907,7211,8962,7240,-1325,24,-3450,-3698,7200,7205
381,9903,5006,9528,-1342,-2814,3890,981,2536,-3274,-1249,-2975,3836,-1353,-2787,3912,0,131,0,6019,3958,8904,7246,8958,7204,-1208,-1,-3450,-3759,7178,7181
382,9900,5018,9528,-136,-3583,3446,-28,3412,-2777,-108,-3701,3349,-130,-3545,3479,0,262,0,6026,3958,8907,7199,8962,7193,-1161,-22,-3450,-3718,7200,7203
383,9900,4976,9528,1271,-4005,2689,-740,3728,-2016,1412,-4052,2537,1266,-3978,2716,0,290,0,6016,3957,8897,7153,8958,7122,-1213,-34,-3450,-3438,7134,7139
384,9906,4922,9528,2537,-4042,1515,-2009,3629,-946,2559,-4079,1336,2553,-4021,1536,0,154,0,6016,3957,8904,7117,8962,7193,-1342,-51,-3450,-3326,7176,7181
385,9903,4900,9528,3257,-3750,394,-2819,3236,63,3343,-3684,173,3284,-3761,411,0,117,0,6019,3957,8910,7270,8965,7216,-1389,-66,-3450,-3443,7127,7132
386,9900,4922,9528,3793,-3090,-893,-3344,2571,625,3836,-2965,-1141,3830,-3090,-882,0,98,0,6023,3957,8904,7105,8962,7157,-1366,-67,-3450,-3450,7151,7154
387,9910,4968,9528,3977,-2116,-2138,-3414,1709,1782,3928,-2045,-2315,4020,-2132,-2127,0,70,0,6023,3958,8904,7234,8958,7216,-1278,-75,-3450,-3398,7248,7248
388,9916,5010,9528,3782,-937,-3101,-3091,653,2836,3684,-822,-3246,3830,-958,-3101,0,23,0,6026,3958,8907,7129,8962,7134,-1190,-71,-3450,-3173,7142,7146
389,9906,5006,9528,3219,292,-3772,-2550,-140,3519,3089,514,-3847,3257,286,-3766,0,-43,0,6029,3959,8904,7246,8965,7216,-1172,-59,-3450,-3116,7234,7239
390,9913,4960,9528,2375,1666,-4042,-1707,-1103,3737,2186,1747,-4101,2424,1671,-4048,0,-94,0,6026,3957,8897,7141,8952,7122,-1231,-34,-3450,-3288,7171,7176
391,9916,4914,9528,1271,2716,-3961,-683,-2201,3538,1065,2770,-3982,1314,2732,-3972,0,-150,0,6023,3958,8910,7316,8965,7299,-1366,-11,-3450,-3364,7142,7146
392,9920,4902,9528,91,3479,-3512,0,-3030,3028,-124,3479,-3490,119,3517,-3528,0,-263,0,6026,3958,8904,7199,8962,7204,-1418,7,-3450,-3398,7227,7232
393,9926,4948,9528,-1505,3912,-2652,1215,-3442,2156,-1715,3933,-2526,-1478,3955,-2668,0,-282,0,6023,3958,8900,7164,8958,7134,-1342,28,-3450,-3251,7183,7186
394,9926,4992,9528,-2473,3977,-1716,2208,-3330,1332,-2656,3890,-1617,-2457,4009,-1743,0,-221,0,6026,3959,8910,7222,8962,7240,-1237,37,-3450,-3305,7161,7164
395,9926,5022,9528,-3350,3636,-455,3177,-2953,124,-3490,3533,-281,-3323,3679,-482,0,-193,0,6023,3957,8897,7211,8958,7216,-1167,54,-3450,-3536,7230,7234
396,9933,4998,9528,-3934,2862,968,3702,-2203,-512,-4047,2710,1093,-3913,2921,941,0,-155,0,6026,3957,8904,7153,8962,7122,-1219,53,-3450,-3659,7173,7176
397,9930,4948,9528,-4059,2029,2072,3735,-1428,-1498,-4144,1839,2169,-4053,2077,2061,0,-89,0,6023,3957,8907,7258,8962,7263,-1290,57,-3450,-3704,7248,7200
398,9936,4914,9528,-3875,849,3019,3421,-355,-2564,-3890,638,3089,-3869,898,3024,0,-38,0,6019,3957,8904,7117,8962,7122,-1377,56,-3450,-3544,7181,7183
399,9930,4918,9528,-3328,-423,3668,2812,192,-3274,-3316,-654,3679,-3323,-379,3684,0,46,0,6019,3957,8904,7234,8958,7263,-1401,49,-3450,-3562,7232,7234
400,9933,4966,9528,-2468,-1732,3966,2030,1435,-3475,-2397,-1942,3955,-2462,-1727,3977,0,93,0,6026,3957,8907,7176,8965,7157,-1319,26,-3450,-3684,7149,7154
401,9930,5018,9528,-1359,-2798,3885,1007,2536,-3285,-1255,-2970,3830,-1353,-2793,3912,0,131,0,6026,3958,8904,7211,8962,7228,-1208,-2,-3450,-3762,7210,7215
402,9926,5030,9528,-130,-3572,3457,-35,3395,-2800,-97,-3690,3354,-125,-3545,3490,0,234,0,6019,3959,8907,7246,8962,7228,-1155,-22,-3450,-3704,7232,7234
403,9923,4992,9528,1266,-4005,2683,-711,3709,-2028,1417,-4047,2543,1260,-3983,2721,0,285,0,6023,3959,8904,7105,8958,7074,-1225,-35,-3450,-3425,7154,7156
404,9930,4942,9528,2407,-4059,1655,-1826,3674,-1091,2445,-4090,1498,2424,-4048,1682,0,163,0,6016,3958,8904,7199,8962,7216,-1307,-47,-3450,-3366,7234,7239
405,9930,4910,9528,3246,-3745,394,-2772,3259,86,3279,-3755,178,3284,-3750,416,0,121,0,6019,3958,8907,7129,8958,7110,-1395,-66,-3450,-3429,7171,7173
406,9923,4930,9528,3782,-3079,-904,-3332,2599,580,3765,-3040,-1103,3836,-3090,-877,0,107,0,6023,3957,8907,7222,8965,7240,-1372,-68,-3450,-3431,7210,7215
407,9926,4984,9528,3982,-2111,-2143,-3435,1716,1754,3933,-2045,-2310,4025,-2122,-2122,0,79,0,6023,3958,8907,7234,8965,7216,-1290,-74,-3450,-3378,7146,7149
408,9933,5022,9528,3782,-942,-3106,-3077,690,2812,3684,-827,-3246,3830,-947,-3090,0,32,0,6026,3958,8907,7176,8962,7181,-1184,-71,-3450,-3169,7205,7210
409,9930,5016,9528,3208,292,-3772,-2573,-112,3501,3078,503,-3852,3262,281,-3772,0,-47,0,6023,3958,8910,7270,8962,7240,-1155,-59,-3450,-3129,7208,7212
410,9936,4968,9528,2380,1671,-4042,-1725,-1060,3718,2186,1753,-4101,2424,1671,-4042,0,-118,0,6023,3958,8904,7234,8958,7216,-1237,-34,-3450,-3280,7134,7139
411,9936,4922,9528,1276,2716,-3956,-707,-2199,3540,1071,2759,-3982,1320,2727,-3972,0,-169,0,6019,3956,8907,7199,8958,7204,-1360,-12,-3450,-3337,7248,7248
412,9933,4912,9528,102,3457,-3507,-16,-3053,3042,-119,3479,-3484,113,3511,-3528,0,-263,0,6023,3957,8904,7153,8962,7169,-1424,5,-3450,-3377,7200,7203
413,9943,4956,9528,-1499,3912,-2646,1217,-3442,2166,-1715,3922,-2526,-1478,3960,-2668,0,-291,0,6023,3957,8904,7211,8962,7134,-1336,20,-3450,-3226,7190,7195
414,9946,5000,9528,-2473,3966,-1705,2192,-3353,1327,-2656,3885,-1623,-2457,4009,-1737,0,-230,0,6026,3958,8904,7234,8958,7240,-1249,37,-3450,-3333,7144,7149
415,9950,5032,9528,-3339,3636,-455,3142,-2962,119,-3500,3533,-286,-3323,3679,-482,0,-221,0,6023,3957,8907,7211,8962,7204,-1161,53,-3450,-3548,7239,7244
416,9956,5014,9528,-3886,2981,773,3662,-2302,-398,-3998,2824,914,-3864,3024,773,0,-169,0,6023,3957,8900,7153,8958,7062,-1196,55,-3450,-3665,7198,7203
417,9956,4954,9528,-4069,1904,2202,3730,-1309,-1660,-4112,1699,2294,-4053,1937,2202,0,-99,0,6019,3957,8904,7199,8962,7204,-1301,57,-3450,-3676,7132,7137
418,9953,4922,9528,-3864,865,3024,3447,-344,-2573,-3912,627,3089,-3864,898,3030,0,-43,0,6019,3957,8907,7187,8962,7157,-1383,58,-3450,-3541,7217,7222
419,9946,4928,9528,-3317,-423,3663,2805,185,-3276,-3300,-649,3679,-3312,-374,3684,0,42,0,6016,3957,8904,7270,8962,7240,-1407,52,-3450,-3576,7125,7129
420,9953,4978,9528,-2468,-1754,3955,2011,1480,-3480,-2326,-1958,3982,-2462,-1721,3982,0,103,0,6023,3957,8904,7093,8958,7157,-1319,21,-3450,-3721,7205,7210
421,9946,5030,9528,-1342,-2820,3890,1004,2545,-3292,-1249,-2975,3847,-1348,-2787,3917,0,131,0,6019,3958,8907,7270,8965,7263,-1208,1,-3450,-3757,7105,7107
422,9953,5042,9528,-125,-3572,3462,-32,3391,-2798,-102,-3684,3343,-125,-3539,3490,0,248,0,6019,3958,8904,7105,8958,7134,-1149,-23,-3450,-3709,7178,7183
423,9950,5004,9528,1260,-4005,2689,-707,3714,-2028,1428,-4047,2543,1255,-3978,2721,0,304,0,6019,3958,8907,7304,8962,7193,-1219,-37,-3450,-3428,7244,7248
424,9953,4954,9528,2418,-4064,1666,-1826,3686,-1086,2445,-4085,1498,2429,-4037,1688,0,182,0,6019,3958,8904,7117,8962,7122,-1319,-48,-3450,-3372,7149,7151
425,9950,4920,9528,3257,-3766,394,-2775,3290,84,3273,-3765,178,3284,-3761,411,0,131,0,6016,3958,8907,7270,8962,7216,-1395,-65,-3450,-3432,7137,7142
426,9946,4944,9528,3798,-3090,-893,-3330,2613,583,3776,-3040,-1098,3836,-3090,-877,0,103,0,6019,3957,8910,7129,8958,7204,-1377,-64,-3450,-3432,7176,7181
427,9953,4992,9528,3982,-2127,-2132,-3430,1709,1756,3933,-2045,-2315,4031,-2127,-2116,0,79,0,6026,3958,8907,7246,8965,7251,-1295,-71,-3450,-3385,7248,7198
428,9953,5032,9528,3782,-953,-3101,-3093,660,2822,3690,-822,-3241,3825,-947,-3090,0,32,0,6026,3958,8904,7129,8958,7157,-1190,-71,-3450,-3164,7186,7190
429,9950,5026,9528,3214,297,-3777,-2562,-124,3515,3073,503,-3847,3262,281,-3772,0,-43,0,6023,3958,8907,7258,8965,7263,-1167,-60,-3450,-3122,7248,7190
430,9956,4984,9528,2375,1682,-4042,-1723,-1060,3737,2191,1763,-4090,2429,1682,-4042,0,-108,0,6023,3957,8907,7129,8962,7157,-1237,-34,-3450,-3291,7203,7208
431,9960,4934,9528,1266,2716,-3967,-688,-2203,3543,1060,2764,-3987,1309,2732,-3972,0,-150,0,6019,3956,8900,7222,8955,7145,-1366,-13,-3450,-3345,7195,7200
432,9963,4926,9528,-92,3538,-3436,49,-3114,2957,-330,3533,-3414,-71,3576,-3447,0,-300,0,6023,3957,8904,7176,8958,7169,-1418,4,-3452,-3370,7168,7173
433,9966,4970,9528,-1505,3912,-2646,1215,-3433,2105,-1774,3939,-2467,-1635,3977,-2549,0,-272,0,6026,3957,8910,7281,8962,7240,-1325,25,-3452,-3237,7198,7134
434,9973,5014,9528,-2479,3966,-1716,2208,-3327,1311,-2640,3933,-1574,-2462,4009,-1743,0,-230,0,6026,3958,8904,7153,8958,7169,-1237,35,-3452,-3317,7232,7237
435,9970,5042,9528,-3344,3641,-455,3180,-2960,121,-3490,3533,-286,-3328,3673,-493,0,-193,0,6026,3959,8900,7153,8958,7110,-1172,53,-3452,-3538,7190,7195
436,9976,5024,9528,-3880,2975,779,3641,-2304,-402,-4004,2819,909,-3875,3030,768,0,-150,0,6026,3957,8907,7211,8962,7193,-1196,55,-3452,-3661,7156,7161
437,9976,4970,9528,-4059,2039,2066,3756,-1447,-1510,-4133,1839,2175,-4048,2077,2066,0,-85,0,6016,3955,8904,7187,8955,7204,-1301,57,-3452,-3707,7248,7248
438,9973,4932,9528,-3869,854,3013,3437,-348,-2573,-3895,633,3089,-3869,887,3013,0,-29,0,6019,3956,8904,7117,8958,7181,-1383,59,-3452,-3535,7171,7173
439,9970,4940,9528,-3328,-417,3663,2824,180,-3276,-3300,-649,3684,-3317,-379,3690,0,42,0,6019,3956,8907,7270,8962,7240,-1395,50,-3452,-3547,7237,7242
440,9976,4992,9528,-2462,-1737,3960,1922,1533,-3470,-2256,-2018,3987,-2327,-1867,3993,0,98,0,6019,3957,8907,7117,8962,7086,-1301,20,-3452,-3696,7173,7178
441,9970,5038,9528,-1353,-2798,3895,1004,2543,-3288,-1255,-2981,3836,-1342,-2793,3917,0,112,0,6023,3958,8910,7222,8965,7323,-1202,0,-3452,-3745,7248,7248
442,9970,5054,9528,-130,-3588,3452,-16,3377,-2798,-102,-3690,3354,-125,-3539,3495,0,248,0,6023,3959,8907,7117,8958,7074,-1161,-23,-3452,-3706,7146,7151
443,9970,5016,9528,1266,-4005,2689,-711,3744,-2039,1417,-4041,2548,1260,-3978,2716,0,281,0,6023,3958,8907,7246,8965,7251,-1219,-36,-3452,-3440,7248,7248
444,9966,4958,9528,2402,-4069,1666,-1847,3662,-1070,2516,-4025,1471,2418,-4048,1688,0,173,0,6026,3956,8904,7129,8962,7086,-1342,-51,-3452,-3322,7178,7181
445,9976,4936,9528,3251,-3756,394,-2836,3274,79,3279,-3755,178,3284,-3756,416,0,107,0,6026,3955,8910,7246,8968,7275,-1389,-66,-3452,-3437,7193,7132
446,9966,4954,9528,3787,-3085,-910,-3323,2613,578,3771,-3040,-1103,3830,-3096,-877,0,93,0,6032,3956,8900,7105,8958,7098,-1377,-68,-3452,-3474,7168,7173
447,9970,5002,9528,3982,-2105,-2143,-3426,1721,1770,3922,-2045,-2310,4031,-2127,-2122,0,74,0,6039,3954,8910,7258,8971,7287,-1278,-75,-3452,-3387,7183,7122
448,9973,5044,9528,3771,-937,-3106,-3131,665,2824,3684,-822,-3241,3830,-942,-3090,0,32,0,6045,3953,8907,7153,8962,7134,-1208,-71,-3452,-3167,7161,7164
449,9970,5036,9528,3214,292,-3766,-2550,-124,3515,3073,503,-3857,3268,275,-3772,0,-47,0,6055,3951,8904,7222,8962,7251,-1167,-60,-3452,-3107,7127,7132
450,9973,4992,9528,2380,1661,-4042,-1730,-1070,3740,2191,1747,-4101,2424,1671,-4048,0,-113,0,6065,3948,8904,7176,8962,7134,-1260,-34,-3452,-3281,7230,7234
451,9983,4944,9528,1276,2705,-3961,-695,-2201,3538,1071,2764,-3982,1320,2737,-3967,0,-164,0,6061,3945,8907,7187,8962,7193,-1342,-13,-3452,-3388,7195,7200
452,9980,4930,9528,102,3462,-3512,4,-3051,3032,-124,3473,-3495,113,3506,-3534,0,-249,0,6077,3943,8900,7187,8955,7169,-1424,5,-3452,-3386,7176,7181
453,9986,4978,9528,-1499,3912,-2646,1213,-3433,2173,-1709,3933,-2526,-1483,3955,-2668,0,-277,0,6087,3939,8907,7281,8962,7275,-1336,28,-3452,-3266,7156,7161
454,9990,5020,9528,-2479,3960,-1710,2222,-3327,1327,-2656,3885,-1623,-2457,4014,-1743,0,-216,0,6100,3937,8904,7129,8958,7157,-1249,37,-3452,-3293,7239,7244
455,9986,5048,9528,-3350,3630,-450,3180,-2946,117,-3490,3533,-281,-3328,3684,-487,0,-207,0,6110,3932,8900,7153,8955,7169,-1172,54,-3452,-3544,7212,7217
456,9993,5032,9528,-3880,2975,789,3660,-2316,-405,-4009,2819,903,-3869,3024,773,0,-169,0,6126,3926,8904,7187,8962,7169,-1178,56,-3452,-3669,7186,7190
457,9996,4978,9528,-4064,2034,2083,3730,-1421,-1515,-4128,1839,2175,-4053,2077,2066,0,-104,0,6135,3920,8900,7222,8955,7240,-1295,58,-3452,-3716,7151,7156
458,9996,4942,9528,-3869,860,3024,3447,-339,-2566,-3890,633,3095,-3869,892,3024,0,-38,0,6155,3914,8904,7187,8958,7145,-1407,58,-3452,-3548,7239,7244
459,9990,4948,9528,-3323,-423,3663,2829,192,-3283,-3311,-654,3684,-3323,-385,3684,0,37,0,6171,3908,8907,7141,8962,7157,-1395,52,-3452,-3538,7166,7171
460,9996,4998,9528,-2462,-1737,3960,2044,1447,-3473,-2386,-1947,3955,-2468,-1721,3987,0,98,0,6190,3901,8904,7222,8958,7216,-1313,25,-3452,-3698,7248,7190
461,9993,5056,9528,-1191,-2928,3857,871,2672,-3243,-1093,-3073,3798,-1196,-2901,3885,0,135,0,6210,3895,8907,7153,8962,7157,-1190,-4,-3452,-3718,7208,7212
462,9990,5064,9528,-130,-3572,3452,-30,3409,-2805,-119,-3701,3349,-120,-3534,3490,0,238,0,6229,3887,8910,7234,8962,7251,-1149,-22,-3452,-3716,7134,7139
463,9996,5028,9528,1260,-4005,2683,-707,3718,-2035,1428,-4047,2548,1260,-3978,2716,0,285,0,6248,3878,8900,7199,8965,7216,-1208,-36,-3452,-3433,7242,7247
464,9993,4976,9528,2402,-4059,1666,-1840,3686,-1091,2445,-4090,1493,2429,-4042,1688,0,182,0,6264,3868,8897,7141,8962,7157,-1331,-49,-3452,-3339,7178,7183
465,9996,4944,9528,3257,-3761,400,-2782,3285,84,3268,-3765,178,3284,-3750,411,0,145,0,6287,3860,8910,7211,8965,7263,-1389,-66,-3452,-3451,7161,7166
466,10000,4968,9528,3793,-3090,-893,-3377,2615,583,3787,-3035,-1093,3830,-3090,-882,0,117,0,6306,3851,8904,7199,8965,7204,-1377,-67,-3452,-3452,7212,7217
467,9993,5018,9528,3977,-2132,-2138,-3426,1733,1772,3928,-2045,-2315,4020,-2127,-2127,0,88,0,6329,3843,8900,7153,8962,7110,-1284,-72,-3452,-3422,7198,7203
468,10000,5058,9528,3782,-942,-3101,-3131,637,2843,3711,-773,-3235,3830,-942,-3090,0,37,0,6355,3833,8907,7246,8965,7287,-1184,-71,-3452,-3160,7164,7168
469,10003,5054,9528,3214,292,-3772,-2517,-105,3517,3078,508,-3847,3257,281,-3772,0,-43,0,6371,3820,8904,7199,8958,7204,-1167,-61,-3452,-3151,7234,7239
470,10000,5008,9528,2364,1666,-4048,-1758,-1065,3742,2186,1753,-4074,2434,1677,-4042,0,-122,0,6400,3811,8904,7141,8958,7122,-1243,-34,-3452,-3277,7200,7208
471,10010,4962,9528,1266,2727,-3967,-714,-2206,3536,1065,2764,-3987,1314,2732,-3972,0,-160,0,6416,3799,8907,7222,8958,7216,-1372,-11,-3452,-3358,7208,7212
472,10016,4948,9528,91,3468,-3518,-2,-3065,3051,-124,3479,-3490,119,3506,-3534,0,-267,0,6432,3788,8900,7176,8958,7181,-1424,5,-3452,-3421,7215,7220
473,10023,4996,9528,-1505,3912,-2652,1215,-3444,2177,-1704,3933,-2526,-1478,3949,-2668,0,-296,0,6464,3776,8904,7176,8958,7145,-1336,18,-3452,-3246,7188,7193
474,10026,5040,9528,-2479,3966,-1716,2227,-3351,1330,-2651,3895,-1617,-2457,4009,-1743,0,-235,0,6490,3765,8904,7246,8965,7240,-1243,37,-3452,-3349,7176,7181
475,10023,5070,9528,-3339,3652,-460,3185,-2962,117,-3484,3538,-281,-3317,3684,-487,0,-202,0,6516,3752,8900,7270,8955,7228,-1167,53,-3452,-3519,7159,7164
476,10030,5050,9528,-3886,2986,773,3655,-2313,-395,-3998,2824,903,-3864,3024,768,0,-155,0,6545,3737,8907,7187,8962,7216,-1196,57,-3452,-3678,7142,7149
477,10030,5002,9528,-4064,2045,2066,3730,-1437,-1519,-4128,1850,2180,-4053,2072,2066,0,-99,0,6567,3723,8900,7222,8962,7204,-1266,58,-3452,-3718,7239,7244
478,10030,4962,9528,-3875,860,3008,3456,-332,-2566,-3895,638,3089,-3864,898,3024,0,-33,0,6600,3709,8900,7176,8958,7122,-1395,57,-3452,-3557,7215,7220
479,10016,4966,9528,-3317,-417,3668,2843,180,-3283,-3300,-654,3679,-3312,-379,3684,0,42,0,6629,3695,8904,7176,8958,7240,-1389,53,-3452,-3521,7142,7149
480,10030,5022,9528,-2338,-1883,3982,1922,1608,-3484,-2267,-2083,3949,-2338,-1873,3993,0,88,0,6661,3681,8907,7187,8962,7228,-1295,22,-3452,-3696,7248,7248
481,10026,5066,9528,-1353,-2814,3885,981,2548,-3295,-1190,-2959,3852,-1353,-2793,3917,0,131,0,6696,3667,8900,7176,8955,7134,-1213,0,-3452,-3771,7186,7193
482,10023,5078,9528,-130,-3583,3452,4,3398,-2800,-32,-3668,3343,-130,-3550,3484,0,257,0,6728,3653,8907,7199,8962,7228,-1155,-23,-3452,-3718,7132,7137
483,10026,5042,9528,1266,-4005,2689,-709,3721,-2056,1428,-4041,2553,1260,-3978,2721,0,304,0,6761,3637,8897,7199,8962,7157,-1213,-36,-3452,-3411,7242,7247
484,10023,4992,9528,2407,-4064,1655,-1838,3690,-1091,2451,-4096,1498,2424,-4048,1682,0,182,0,6786,3621,8897,7117,8955,7169,-1307,-47,-3452,-3337,7176,7181
485,10023,4962,9528,3343,-3696,216,-2925,3182,46,3360,-3646,189,3370,-3702,243,0,103,0,6825,3605,8904,7222,8958,7193,-1395,-73,-3452,-3451,7168,7173
486,10026,4984,9528,3782,-3085,-904,-3374,2618,580,3782,-3035,-1098,3825,-3096,-882,0,98,0,6857,3590,8904,7187,8965,7228,-1366,-69,-3452,-3466,7230,7234
487,10030,5028,9528,3982,-2111,-2143,-3430,1725,1770,3928,-2045,-2310,4025,-2132,-2127,0,65,0,6890,3575,8904,7176,8958,7122,-1290,-75,-3452,-3408,7164,7168
488,10026,5070,9528,3776,-937,-3106,-3140,674,2824,3684,-827,-3246,3836,-947,-3085,0,37,0,6922,3559,8904,7281,8965,7240,-1184,-72,-3452,-3167,7248,7248
489,10026,5066,9528,3219,292,-3777,-2571,-112,3522,3078,514,-3852,3268,281,-3772,0,-43,0,6954,3543,8900,7141,8962,7098,-1155,-61,-3452,-3122,7208,7212
490,10033,5018,9528,2380,1661,-4032,-1725,-1067,3747,2191,1763,-4101,2424,1671,-4048,0,-108,0,6986,3527,8900,7199,8955,7181,-1254,-34,-3452,-3302,7188,7195
491,10036,4972,9528,1282,2710,-3961,-716,-2217,3555,1071,2770,-3982,1314,2732,-3978,0,-160,0,7018,3509,8904,7234,8962,7240,-1336,-13,-3452,-3376,7193,7200
492,10033,4960,9528,86,3468,-3512,11,-3088,3030,-178,3527,-3457,102,3500,-3528,0,-244,0,7051,3493,8897,7164,8958,7193,-1401,4,-3452,-3398,7193,7198
493,10043,5006,9528,-1499,3912,-2652,1213,-3447,2180,-1709,3939,-2526,-1478,3955,-2668,0,-277,0,7089,3476,8900,7222,8955,7169,-1325,24,-3452,-3282,7198,7205
494,10043,5050,9528,-2479,3977,-1710,2229,-3365,1330,-2656,3901,-1617,-2457,4014,-1743,0,-216,0,7125,3461,8907,7292,8962,7216,-1231,34,-3452,-3301,7164,7168
495,10046,5080,9528,-3344,3630,-460,3135,-2967,119,-3490,3538,-281,-3323,3673,-487,0,-197,0,7163,3444,8897,7199,8955,7204,-1155,51,-3452,-3560,7125,7129
496,9727,4892,9528,-3869,2970,773,3435,-2138,-351,-3944,2786,881,-3853,3019,762,0,-146,0,7199,3426,8846,5701,8907,5680,-1178,37,-3452,-3434,6055,6060
497,9753,4836,9528,-4091,2045,2077,3454,-1295,-1348,-4177,1855,2180,-4075,2088,2056,0,-99,0,7241,3260,8842,3593,8910,3661,-1272,41,-3452,-3384,2088,2085
498,10526,5270,9650,-3626,1060,2764,7,0,4,-3998,903,2916,-3647,1098,2894,0,-43,0,9455,2979,8775,-62,8830,-38,-24,-5,0,-285,4698,4698
499,10955,5477,9650,-3415,-206,3533,-2,-4,-2,-3349,-497,3576,-3328,-341,3571,0,32,0,9935,3019,8778,-62,8833,-38,-6,2,0,-1223,4698,4698
500,11159,5571,9650,-2614,-1445,3906,-2,-2,-4,-2532,-1601,3901,-2609,-1434,3890,0,93,0,11011,2803,8772,-62,8830,-50,-6,3,0,-2299,4698,4698
501,11152,5565,9650,-1537,-2506,3922,0,7,4,-1444,-2651,3857,-1532,-2511,3912,0,131,0,10818,2559,8772,-62,8826,-50,-12,4,0,-3251,4698,4698
502,11152,5569,9650,-276,-3323,3565,-7,-4,-7,-178,-3430,3479,-271,-3328,3565,0,149,0,10728,2256,8775,-37,8836,-38,0,6,0,-608,4698,4698
503,11149,5565,9650,968,-3853,2764,-2,-4,-4,1055,-3863,2851,990,-3858,2829,0,309,0,10563,1990,8772,-37,8826,-62,-6,6,0,7,4698,4698
504,11142,5561,9650,2131,-3983,1855,-4,4,-4,1509,-3955,2483,2148,-3988,1866,0,210,0,10457,1755,8775,-37,8830,-38,0,3,0,8,4698,4698
505,11142,5559,9650,3057,-3734,643,-2,2,-7,1504,-3949,2483,3165,-3707,492,0,163,0,10389,1548,8772,-37,8830,-50,-6,4,0,10,4698,4698
506,11135,5561,9650,3668,-3063,-790,-7,0,-7,1504,-3944,2483,3755,-3074,-785,0,131,0,10351,1344,8772,-25,8833,-38,0,4,0,5,4698,4698
507,11132,5555,9650,3939,-2251,-1835,0,-4,-2,1504,-3949,2478,3971,-2278,-1835,0,93,0,10328,1204,8772,-37,8823,-50,-6,4,0,6,4698,4698
508,11132,5557,9650,3825,-1131,-2830,-4,-4,-7,1498,-3949,2483,3863,-1142,-2836,0,32,0,10309,1062,8772,-37,8826,-50,0,2,0,-2,4698,4698
509,11129,5555,9650,3262,297,-3637,-11,-9,-9,1509,-3949,2483,3295,292,-3642,0,-47,0,10299,937,8772,-37,8830,-38,5,3,0,-10,4698,4698
510,11125,5555,9650,2543,1385,-3945,-2,-7,-2,1498,-3955,2478,2586,1385,-3961,0,-94,0,10283,827,8772,-37,8830,-50,5,4,0,-4,4698,4698
511,11132,5553,9650,1471,2451,-3961,-11,-14,-11,1504,-3944,2489,1509,2456,-3994,0,-141,0,10270,729,8772,-37,8830,-38,5,3,0,-13,4698,4698
512,11119,5551,9650,211,3284,-3599,-14,-7,-2,1504,-3949,2489,238,3278,-3626,0,-174,0,10260,644,8768,-37,8826,-50,0,3,0,-12,4698,4698
513,11115,5549,9650,-1061,3765,-2879,-2,-4,-2,1498,-3955,2478,-1023,3782,-2928,0,-300,0,10244,568,8768,-49,8826,-62,-6,4,0,-12,4698,4698
514,11119,5551,9650,-2192,3922,-1905,-7,-14,-9,1504,-3949,2483,-2170,3939,-1938,0,-235,0,10225,501,8772,-25,8830,-38,5,3,0,-8,4698,4698
515,11115,5549,9650,-3117,3695,-688,-9,-11,-4,1504,-3949,2483,-3101,3711,-720,0,-169,0,10202,443,8765,-49,8826,-50,0,3,0,-2,4698,4698
516,11112,5547,9650,-3729,3122,606,-2,-4,-2,1498,-3949,2478,-3723,3132,568,0,-141,0,10173,391,8772,-37,8830,-62,0,3,0,-2,4698,4698
517,11112,5549,9650,-3994,2223,1801,-9,-11,-7,1504,-3944,2483,-3999,2245,1780,0,-99,0,10148,345,8768,-37,8830,-62,0,4,0,-1,4698,4698
518,11105,5547,9650,-3886,1082,2802,-4,-4,-7,1498,-3949,2478,-3886,1109,2786,0,-47,0,10112,305,8768,-37,8823,-50,0,3,0,4,4698,4698
519,11105,5545,9650,-3409,-217,3522,-2,-2,-7,1504,-3944,2483,-3420,-195,3506,0,14,0,10074,269,8772,-25,8833,-50,17,4,0,11,4698,4698
520,11109,5547,9650,-2609,-1461,3912,-11,-4,-7,1504,-3944,2483,-2619,-1445,3906,0,98,0,10045,238,8768,-37,8826,-62,5,3,0,15,4698,4698
521,11109,5543,9650,-1521,-2527,3928,-2,-4,-7,1504,-3949,2478,-1532,-2517,3928,0,131,0,10009,210,8768,-37,8823,-62,5,4,0,14,4698,4698
522,11099,5545,9650,-266,-3361,3565,2,4,-2,1498,-3949,2483,-271,-3344,3565,0,173,0,9980,186,8772,-49,8826,-38,5,4,0,18,4698,4698
523,11102,5543,9650,995,-3864,2851,-7,-4,-7,1509,-3944,2489,1001,-3853,2862,0,295,0,9958,165,8772,-37,8826,-50,0,3,0,11,4698,4698
524,11099,5541,9650,2142,-4015,1861,-4,0,-7,1504,-3944,2483,2148,-4010,1866,0,220,0,9941,146,8765,-49,8823,-62,0,3,0,10,4698,4698
525,11099,5543,9650,3078,-3766,654,7,7,2,1493,-3955,2478,3089,-3772,654,0,159,0,9922,129,8772,-25,8830,-50,0,3,0,4,4698,4698
526,11099,5543,9650,3690,-3182,-623,-4,-7,-7,1498,-3949,2483,3711,-3193,-617,0,131,0,9919,114,8768,-37,8826,-50,-6,2,0,-1,4698,4698
527,11095,5539,9650,3955,-2284,-1835,-2,-2,-4,1498,-3944,2478,3977,-2289,-1846,0,98,0,9909,101,8765,-49,8820,-62,-6,1,0,-2,4698,4698
528,11095,5539,9650,3803,-985,-2960,-4,0,-2,1498,-3944,2483,3830,-1002,-2960,0,28,0,9906,90,8765,-49,8823,-62,0,3,0,-6,4698,4698
529,11099,5539,9650,3365,167,-3572,-4,-7,-9,1504,-3944,2483,3398,146,-3583,0,-24,0,9912,79,8768,-37,8826,-50,5,3,0,-9,4698,4698
530,11092,5537,9650,2429,1536,-3994,-9,-14,-9,1498,-3939,2483,2467,1531,-4005,0,-108,0,9909,71,8768,-25,8826,-38,5,3,0,-13,4698,4698
531,11089,5537,9650,1471,2489,-3972,-4,-7,-4,1493,-3949,2478,1509,2478,-3999,0,-141,0,9912,63,8772,-25,8826,-25,0,3,0,-12,4698,4698
532,11092,5537,9650,211,3300,-3610,-9,-11,-4,1498,-3944,2483,238,3300,-3642,0,-174,0,9919,56,8768,-49,8826,-50,11,3,0,-6,4698,4698
533,11089,5535,9650,-1072,3803,-2901,-7,-9,-2,1498,-3944,2478,-1034,3803,-2933,0,-310,0,9922,50,8765,-49,8823,-50,5,3,0,-3,4698,4698
534,11085,5533,9650,-2208,3949,-1905,-7,-14,-9,1498,-3949,2478,-2186,3966,-1943,0,-249,0,9922,45,8768,-25,8826,-50,5,4,0,-4,4698,4698
535,11085,5535,9650,-3128,3717,-699,-7,-9,-4,1498,-3939,2478,-3112,3738,-720,0,-174,0,9929,40,8768,-49,8826,-62,5,3,0,0,4698,4698
536,11082,5535,9650,-3745,3132,600,-4,-9,-2,1498,-3944,2478,-3739,3149,568,0,-141,0,9935,36,8768,-49,8820,-62,11,2,0,-5,4698,4698
537,11085,5531,9650,-4010,2229,1812,-4,-11,-7,1498,-3944,2478,-4010,2250,1785,0,-99,0,9922,32,8768,-37,8826,-50,5,3,0,5,4698,4698
538,11079,5531,9650,-3896,1082,2819,-7,-7,-7,1498,-3944,2483,-3902,1109,2797,0,-52,0,9922,29,8768,-37,8826,-62,0,2,0,10,4698,4698
539,11079,5529,9650,-3420,-217,3533,0,-2,0,1498,-3949,2478,-3426,-190,3522,0,9,0,9916,26,8768,-37,8820,-62,-6,2,0,14,4698,4698
540,11079,5529,9650,-2614,-1456,3922,0,-4,-4,1493,-3949,2472,-2619,-1445,3917,0,88,0,9912,24,8768,-37,8830,-50,5,4,0,18,4698,4698
541,11079,5531,9650,-1526,-2533,3933,-4,-4,-9,1498,-3944,2478,-1532,-2522,3944,0,135,0,9906,21,8768,-37,8826,-62,0,2,0,8,4698,4698
542,11072,5527,9650,-271,-3361,3571,2,7,-2,1498,-3949,2478,-276,-3371,3576,0,168,0,9900,19,8768,-49,8823,-62,-6,4,0,10,4698,4698
543,11075,5527,9650,1001,-3875,2862,-2,0,-2,1498,-3944,2478,1006,-3875,2867,0,299,0,9896,18,8768,-49,8826,-62,0,2,0,9,4698,4698
544,11072,5527,9650,2148,-4026,1866,-7,0,-4,1498,-3944,2483,2158,-4032,1882,0,220,0,9893,16,8765,-49,8826,-62,-6,3,0,3,4698,4698
545,11069,5527,9650,3078,-3777,649,-2,4,-2,1498,-3944,2478,3095,-3794,654,0,168,0,9890,15,8765,-49,8820,-62,-6,4,0,4,4698,4698
546,11072,5525,9650,3701,-3177,-623,0,-4,-4,1493,-3944,2478,3728,-3204,-623,0,135,0,9887,14,8768,-37,8826,-50,-6,3,0,-4,4698,4698
547,11072,5525,9650,3960,-2273,-1851,-4,-4,-7,1498,-3939,2483,3993,-2300,-1851,0,93,0,9887,13,8768,-37,8823,-62,0,2,0,-6,4698,4698
548,11065,5523,9650,3852,-1131,-2841,-7,0,-2,1498,-3939,2478,3885,-1153,-2863,0,42,0,9883,12,8762,-49,8823,-62,11,4,0,-10,4698,4698
549,11065,5523,9650,3381,173,-3572,-4,-4,-9,1493,-3944,2483,3414,151,-3593,0,-29,0,9887,11,8772,-25,8826,-38,5,4,0,-13,4698,4698
550,11069,5523,9650,2559,1390,-3967,-2,-4,-2,1493,-3944,2478,2597,1390,-3994,0,-104,0,9890,10,8768,-37,8823,-38,-6,3,0,-6,4698,4698
551,11059,5521,9650,1477,2586,-3967,-7,-9,-7,1498,-3944,2472,1358,2591,-3994,0,-155,0,9883,10,8765,-49,8823,-62,0,3,0,-6,4698,4698
552,11062,5519,9650,216,3306,-3615,-7,-14,-7,1498,-3939,2478,243,3316,-3653,0,-178,0,9887,9,8768,-37,8826,-38,5,3,0,-8,4698,4698
553,11062,5521,9650,-1072,3803,-2906,-2,-7,-4,1498,-3944,2472,-1045,3820,-2944,0,-314,0,9890,9,8768,-49,8826,-50,0,3,0,-6,4698,4698
554,11055,5519,9650,-2219,3949,-1911,0,-9,0,1493,-3944,2472,-2192,3971,-1954,0,-239,0,9890,8,8765,-49,8823,-50,0,4,0,-7,4698,4698
555,11055,5523,9650,-3133,3728,-682,-11,-14,-9,1498,-3944,2478,-3123,3755,-715,0,-183,0,9890,8,8768,-37,8826,-50,11,2,0,2,4698,4698
556,11055,5519,9650,-3750,3127,606,-7,-2,-2,1498,-3944,2472,-3750,3159,573,0,-150,0,9890,7,8762,-37,8820,-50,0,2,0,1,4698,4698
557,11055,5517,9650,-4015,2240,1823,-4,-7,-4,1493,-3939,2472,-4021,2261,1791,0,-108,0,9887,7,8768,-37,8817,-50,0,4,0,8,4698,4698
558,11059,5519,9650,-3902,1092,2819,-7,-9,-9,1493,-3944,2478,-3918,1109,2802,0,-52,0,9887,7,8768,-25,8826,-25,0,4,0,13,4698,4698
559,11052,5519,9650,-3431,-222,3538,-4,-4,-9,1504,-3939,2478,-3436,-195,3527,0,14,0,9890,6,8762,-49,8823,-62,0,3,0,9,4698,4698
560,11049,5515,9650,-2625,-1467,3939,0,2,-2,1493,-3944,2472,-2636,-1451,3928,0,93,0,9883,6,8765,-49,8826,-50,0,4,0,13,4698,4698
561,11049,5517,9650,-1532,-2538,3949,-9,-2,-4,1498,-3939,2483,-1543,-2527,3949,0,140,0,9883,6,8768,-37,8823,-50,0,4,0,10,4698,4698
562,11049,5515,9650,-271,-3382,3587,-4,-2,-7,1498,-3939,2483,-282,-3377,3582,0,173,0,9883,6,8765,-37,8823,-50,-6,3,0,7,4698,4698
563,11045,5517,9650,1006,-3880,2873,-2,2,-2,1498,-3939,2472,1011,-3886,2873,0,313,0,9877,6,8768,-37,8826,-50,0,4,0,8,4698,4698
564,11042,5515,9650,2153,-4032,1872,-7,0,-7,1493,-3944,2472,2169,-4042,1882,0,234,0,9880,6,8768,-25,8823,-50,0,4,0,0,4698,4698
565,11045,5513,9650,3084,-3794,654,2,0,0,1498,-3939,2472,3100,-3799,654,0,182,0,9877,6,8762,-37,8823,-75,-6,4,0,-5,4698,4698
566,11042,5513,9650,3717,-3193,-623,-2,-2,-7,1498,-3939,2472,3733,-3209,-628,0,145,0,9874,6,8768,-25,8826,-38,5,4,0,-7,4698,4698
567,11042,5513,9650,3971,-2289,-1846,-7,-4,-9,1504,-3933,2483,4004,-2300,-1851,0,98,0,9877,5,8765,-49,8823,-50,5,3,0,-8,4698,4698
568,11039,5511,9650,3857,-1148,-2857,-4,2,-2,1493,-3939,2472,3885,-1158,-2868,0,42,0,9877,5,8765,-49,8823,-50,-6,3,0,-4,4698,4698
569,11039,5511,9650,3392,178,-3577,0,-2,-2,1493,-3944,2472,3419,151,-3599,0,-15,0,9874,5,8768,-37,8826,-50,0,4,0,-11,4698,4698
570,11039,5511,9650,2559,1406,-3972,-7,-11,-7,1504,-3939,2478,2602,1396,-4005,0,-113,0,9874,5,8765,-25,8823,-50,5,3,0,-8,4698,4698
571,11035,5509,9650,1477,2494,-3999,0,-2,0,1493,-3944,2467,1509,2483,-4026,0,-141,0,9877,5,8762,-49,8817,-50,5,1,0,-10,4698,4698
572,11035,5509,9650,205,3327,-3631,-7,-9,-2,1487,-3944,2472,243,3327,-3664,0,-174,0,9877,5,8768,-37,8823,-38,11,4,0,-9,4698,4698
573,11032,5509,9650,-1072,3825,-2809,-9,-7,-4,1498,-3939,2472,-1202,3868,-2841,0,-305,0,9880,5,8765,-49,8820,-50,0,3,0,-6,4698,4698
574,11032,5509,9650,-2214,3977,-1921,-7,-11,-2,1498,-3939,2472,-2197,3982,-1954,0,-239,0,9880,5,8762,-37,8823,-50,0,3,0,-3,4698,4698
575,11029,5507,9650,-3139,3755,-688,0,-4,0,1498,-3939,2472,-3128,3760,-720,0,-174,0,9880,5,8768,-25,8826,-50,5,4,0,3,4698,4698
576,11029,5505,9650,-3826,3051,768,-4,0,2,1493,-3939,2467,-3815,3067,730,0,-146,0,9883,5,8772,-49,8823,-62,-6,4,0,-2,4698,4698
577,11032,5505,9650,-4026,2261,1823,-4,-7,-7,1498,-3939,2472,-4026,2267,1791,0,-104,0,9880,5,8765,-25,8823,-50,-6,3,0,4,4698,4698
578,11025,5505,9650,-3918,1103,2819,0,-4,-7,1487,-3944,2467,-3923,1120,2808,0,-47,0,9880,5,8765,-37,8823,-38,5,4,0,12,4698,4698
579,11025,5505,9650,-3442,-222,3544,-4,-7,-7,1498,-3933,2478,-3442,-190,3538,0,9,0,9883,5,8765,-37,8823,-50,-6,3,0,11,4698,4698
580,11022,5505,9650,-2625,-1472,3944,-9,-2,-2,1498,-3933,2472,-2630,-1451,3933,0,93,0,9887,5,8765,-49,8820,-62,0,4,0,11,4698,4698
581,11025,5503,9650,-1532,-2554,3955,-7,0,-2,1487,-3944,2472,-1537,-2538,3955,0,140,0,9880,5,8768,-37,8826,-38,5,3,0,16,4698,4698
582,11025,5503,9650,-266,-3388,3582,-2,-4,-4,1498,-3933,2472,-276,-3388,3592,0,168,0,9883,5,8765,-37,8820,-50,0,4,0,9,4698,4698
583,11019,5499,9650,1006,-3902,2873,2,0,-4,1498,-3939,2472,1006,-3896,2878,0,318,0,9890,5,8765,-37,8820,-50,0,4,0,6,4698,4698
584,11022,5501,9650,2164,-4048,1882,-4,2,-7,1498,-3933,2478,2169,-4048,1888,0,234,0,9883,5,8768,-25,8826,-50,11,3,0,2,4698,4698
585,11019,5503,9650,3095,-3799,654,-2,-4,-7,1504,-3933,2478,3116,-3804,660,0,177,0,9883,5,8765,-37,8823,-50,5,1,0,-1,4698,4698
586,11012,5499,9650,3717,-3198,-623,0,-4,-4,1487,-3939,2467,3738,-3220,-628,0,140,0,9880,5,8765,-49,8820,-62,-6,4,0,2,4698,4698
587,11015,5501,9650,3982,-2289,-1851,0,-2,-4,1487,-3939,2472,4014,-2311,-1862,0,98,0,9880,5,8768,-37,8826,-38,0,4,0,-9,4698,4698
588,11019,5501,9650,3868,-1142,-2868,-7,-4,-9,1498,-3933,2472,3901,-1169,-2874,0,37,0,9883,5,8762,-37,8823,-50,-6,3,0,-9,4698,4698
589,11012,5497,9650,3392,178,-3577,0,0,0,1493,-3939,2467,3419,151,-3610,0,-24,0,9880,5,8762,-49,8820,-75,-6,4,0,-4,4698,4698
590,11009,5499,9650,2575,1412,-3967,-2,-2,-2,1487,-3939,2467,2608,1401,-4005,0,-99,0,9883,5,8768,-37,8823,-38,5,4,0,-12,4698,4698
591,11012,5497,9650,1487,2494,-3994,-7,-11,-4,1498,-3933,2478,1515,2494,-4032,0,-141,0,9887,5,8765,-37,8823,-50,-6,3,0,-6,4698,4698
592,11005,5495,9650,211,3327,-3631,-9,-9,-4,1493,-3939,2472,238,3327,-3669,0,-174,0,9890,5,8762,-49,8820,-62,5,3,0,-9,4698,4698
593,11009,5493,9650,-1072,3836,-2917,-11,-11,-9,1498,-3939,2478,-1039,3847,-2955,0,-310,0,9887,5,8765,-37,8823,-50,11,4,0,-5,4698,4698
594,11005,5495,9650,-2349,3966,-1770,-11,-11,-4,1487,-3939,2472,-2333,3987,-1813,0,-216,0,9890,5,8768,-37,8823,-50,5,4,0,-1,4698,4698
595,11002,5493,9650,-3150,3749,-688,-2,-9,0,1493,-3939,2467,-3133,3776,-726,0,-169,0,9887,5,8768,-37,8820,-50,11,4,0,0,4698,4698
596,11009,5495,9650,-3761,3154,611,-14,-11,-7,1498,-3933,2472,-3766,3181,573,0,-146,0,9890,5,8768,-25,8826,-38,5,4,0,7,4698,4698
597,11005,5493,9650,-4026,2240,1823,-7,-7,-9,1498,-3933,2472,-4037,2267,1791,0,-99,0,9893,5,8762,-49,8820,-50,0,3,0,4,4698,4698
598,11002,5493,9650,-3918,1092,2835,0,-4,-2,1487,-3939,2467,-3923,1125,2808,0,-52,0,9890,5,8768,-37,8823,-50,0,4,0,10,4698,4698
599,11002,5491,9650,-3436,-212,3549,-7,-7,-4,1493,-3939,2472,-3447,-184,3549,0,14,0,9893,5,8765,-25,8823,-38,0,3,0,14,4698,4698
600,10999,5491,9650,-2636,-1467,3939,-9,-4,-4,1498,-3933,2472,-2641,-1456,3939,0,98,0,9893,5,8762,-25,8820,-50,0,2,0,9,4698,4698
601,10995,5489,9650,-1543,-2538,3949,-7,0,-7,1498,-3933,2472,-1548,-2538,3960,0,135,0,9890,5,8762,-37,8820,-50,0,3,0,10,4698,4698
602,10995,5489,9650,-276,-3382,3587,-2,0,-11,1493,-3933,2472,-271,-3382,3598,0,163,0,9893,5,8765,-37,8823,-62,0,3,0,9,4698,4698
603,10995,5491,9650,1001,-3896,2867,-4,-4,-4,1498,-3928,2478,1006,-3907,2884,0,304,0,9896,5,8762,-49,8823,-62,0,3,0,7,4698,4698
604,10995,5487,9650,2153,-4042,1877,2,2,-2,1493,-3939,2467,2169,-4059,1882,0,224,0,9893,5,8762,-37,8823,-62,0,3,0,8,4698,4698
605,10995,5489,9650,3089,-3799,649,0,-2,-9,1493,-3933,2478,3127,-3810,660,0,168,0,9896,5,8765,-25,8826,-38,11,4,0,-2,4698,4698
606,10989,5485,9650,3717,-3198,-628,-2,4,-4,1493,-3933,2467,3744,-3215,-628,0,135,0,9896,5,8765,-49,8820,-50,0,2,0,-5,4698,4698
607,10992,5487,9650,3977,-2289,-1856,0,2,-2,1487,-3939,2472,4014,-2311,-1862,0,93,0,9893,5,8765,-37,8823,-38,5,3,0,-11,4698,4698
608,10989,5485,9650,3868,-1142,-2868,-9,-4,-2,1493,-3933,2467,3901,-1164,-2879,0,37,0,9900,5,8765,-37,8820,-62,-6,2,0,-10,4698,4698
609,10992,5485,9650,3398,173,-3588,-4,-7,-2,1493,-3933,2467,3425,151,-3615,0,-24,0,9900,5,8762,-37,8820,-50,0,2,0,-2,4698,4698
610,10982,5485,9650,2570,1412,-3983,-4,-9,-4,1493,-3933,2461,2608,1401,-4021,0,-99,0,9900,5,8768,-37,8826,-50,0,4,0,-11,4698,4698
611,10985,5483,9650,1482,2499,-4005,-9,-9,-7,1498,-3933,2472,1520,2494,-4032,0,-141,0,9903,5,8765,-37,8823,-50,5,3,0,-9,4698,4698
612,10985,5483,9650,211,3333,-3631,-4,-7,-4,1498,-3933,2467,238,3327,-3674,0,-169,0,9903,5,8762,-49,8817,-75,0,3,0,-8,4698,4698
613,10982,5483,9650,-1077,3836,-2922,-2,-4,-2,1493,-3933,2467,-1045,3847,-2960,0,-300,0,9903,5,8765,-25,8823,-50,5,3,0,-5,4698,4698
614,10982,5483,9650,-2214,3982,-1927,-9,-16,-11,1498,-3928,2478,-2197,4004,-1954,0,-235,0,9903,5,8765,-37,8823,-50,17,2,0,-1,4698,4698
615,10982,5481,9650,-3252,3701,-536,-16,-11,-9,1498,-3928,2472,-3231,3711,-569,0,-174,0,9906,5,8768,-25,8826,-62,5,2,0,1,4698,4698
616,10979,5479,9650,-3772,3165,606,-11,-7,-4,1487,-3933,2467,-3766,3187,568,0,-132,0,9906,5,8768,-37,8823,-25,5,3,0,4,4698,4698
617,10979,5481,9650,-4032,2261,1828,-7,-11,-9,1498,-3928,2478,-4037,2277,1796,0,-99,0,9909,5,8765,-25,8823,-38,-6,2,0,9,4698,4698
618,10975,5479,9650,-3923,1103,2829,-4,-4,-4,1498,-3933,2472,-3934,1120,2813,0,-47,0,9906,5,8762,-49,8820,-62,-6,2,0,9,4698,4698
619,10975,5477,9650,-3442,-217,3554,4,-2,2,1487,-3933,2467,-3447,-184,3549,0,14,0,9909,5,8765,-25,8826,-38,5,4,0,15,4698,4698
620,10979,5481,9650,-2636,-1483,3944,-9,-2,-7,1493,-3928,2472,-2641,-1456,3939,0,93,0,9912,5,8765,-37,8826,-50,0,2,0,11,4698,4698
621,10972,5477,9650,-1537,-2560,3960,-2,2,-4,1487,-3933,2472,-1553,-2544,3960,0,131,0,9909,5,8762,-37,8820,-62,-12,3,0,11,4698,4698
622,10972,5477,9650,-266,-3409,3592,4,4,0,1487,-3933,2472,-282,-3393,3598,0,154,0,9909,5,8765,-37,8823,-50,0,3,0,14,4698,4698
623,10979,5477,9650,1011,-3902,2878,-7,-4,-11,1493,-3928,2472,1011,-3902,2889,0,290,0,9916,5,8768,-37,8823,-62,0,2,0,4,4698,4698
624,10972,5475,9650,2294,-4048,1736,-4,2,-7,1487,-3933,2472,2299,-4053,1747,0,201,0,9916,5,8765,-25,8823,-50,0,2,0,0,4698,4698
625,10969,5477,9650,3100,-3810,660,2,2,-7,1493,-3939,2467,3122,-3815,660,0,159,0,9916,5,8765,-25,8823,-50,5,3,0,-3,4698,4698
626,10969,5477,9650,3722,-3215,-628,-4,-4,-9,1498,-3928,2472,3744,-3225,-628,0,126,0,9919,5,8765,-37,8823,-38,0,2,0,-8,4698,4698
627,10962,5473,9650,3993,-2306,-1856,0,-2,-2,1493,-3928,2467,4014,-2316,-1862,0,93,0,9919,5,8765,-49,8820,-50,-6,2,0,-4,4698,4698
628,10969,5471,9650,3879,-1153,-2857,-7,-11,-9,1498,-3922,2472,3912,-1164,-2879,0,32,0,9919,5,8768,-25,8823,-38,5,3,0,-13,4698,4698
629,10965,5475,9650,3392,178,-3593,-2,-9,-4,1493,-3928,2472,3419,151,-3615,0,-29,0,9922,5,8765,-37,8823,-62,-6,2,0,-8,4698,4698
630,10962,5473,9650,2564,1423,-3988,-2,0,0,1487,-3933,2461,2608,1406,-4015,0,-94,0,9929,5,8762,-37,8820,-50,-12,4,0,-5,4698,4698
631,10962,5471,9650,1477,2521,-3999,-4,-4,-4,1493,-3933,2472,1515,2505,-4037,0,-136,0,9922,5,8768,-37,8826,-50,11,3,0,-12,4698,4698
632,10962,5471,9650,205,3338,-3642,-14,-7,-4,1493,-3928,2467,238,3338,-3674,0,-169,0,9929,5,8762,-37,8823,-38,5,2,0,-2,4698,4698
633,10955,5469,9650,-1072,3852,-2917,-4,-7,-7,1493,-3928,2467,-1045,3852,-2949,0,-305,0,9922,5,8762,-37,8820,-50,11,2,0,-5,4698,4698
634,10955,5469,9650,-2224,3998,-1921,-2,-7,-4,1487,-3933,2467,-2203,4009,-1954,0,-235,0,9929,5,8765,-37,8823,-38,0,3,0,-1,4698,4698
635,10959,5469,9650,-3155,3760,-693,-9,-9,-7,1493,-3928,2467,-3139,3782,-726,0,-164,0,9929,5,8762,-37,8820,-50,0,3,0,5,4698,4698
636,10959,5471,9650,-3837,3057,762,-7,-11,-9,1487,-3922,2472,-3826,3078,730,0,-141,0,9929,5,8768,-37,8823,-50,5,4,0,7,4698,4698
637,10952,5467,9650,-4032,2261,1823,-2,-7,-2,1482,-3933,2467,-4042,2277,1796,0,-94,0,9929,5,8765,-25,8823,-50,5,4,0,9,4698,4698
638,10959,5467,9650,-3923,1098,2835,-7,-9,-7,1498,-3928,2472,-3934,1125,2808,0,-43,0,9935,5,8762,-37,8820,-50,0,3,0,11,4698,4698
639,10952,5465,9650,-3447,-217,3554,0,-2,-4,1487,-3928,2467,-3447,-190,3544,0,14,0,9932,5,8762,-49,8820,-50,0,4,0,11,4698,4698
640,10952,5467,9650,-2630,-1467,3944,-11,-4,-9,1498,-3922,2472,-2641,-1456,3944,0,84,0,9935,5,8765,-37,8823,-38,5,4,0,19,4698,4698
641,10949,5467,9650,-1537,-2554,3955,-4,0,-4,1493,-3928,2472,-1553,-2549,3960,0,131,0,9935,5,8759,-37,8820,-50,5,4,0,12,4698,4698
642,10949,5463,9650,-276,-3399,3598,2,0,-2,1487,-3933,2467,-276,-3393,3598,0,159,0,9935,5,8759,-49,8820,-50,5,4,0,14,4698,4698
643,10945,5463,9650,1011,-3913,2878,-2,-2,-7,1487,-3928,2467,1006,-3913,2884,0,290,0,9938,5,8765,-37,8823,-50,0,3,0,7,4698,4698
644,10945,5467,9650,2158,-4059,1877,-4,2,-7,1498,-3928,2467,2164,-4064,1888,0,215,0,9941,5,8759,-37,8820,-62,-6,2,0,0,4698,4698
645,10942,5463,9650,3089,-3804,654,0,2,-4,1487,-3928,2467,3116,-3826,665,0,159,0,9941,5,8765,-37,8820,-50,-6,4,0,0,4698,4698
646,10949,5465,9650,3711,-3209,-639,-4,-4,-9,1487,-3928,2467,3749,-3225,-634,0,126,0,9941,5,8765,-37,8823,-50,0,4,0,-4,4698,4698
647,10942,5465,9650,3982,-2295,-1862,-4,-2,-2,1493,-3928,2467,4020,-2322,-1867,0,88,0,9945,5,8765,-37,8820,-62,0,3,0,-9,4698,4698
648,10942,5461,9650,3874,-1131,-2868,0,0,-2,1487,-3928,2461,3906,-1164,-2879,0,37,0,9941,5,8765,-49,8820,-50,-6,4,0,-8,4698,4698
649,10939,5463,9650,3398,178,-3588,0,-9,-4,1493,-3922,2467,3430,156,-3615,0,-29,0,9945,5,8765,-37,8823,-50,11,3,0,-11,4698,4698
650,10942,5461,9650,2575,1401,-3988,-7,-9,-4,1493,-3928,2461,2608,1401,-4015,0,-104,0,9945,5,8762,-49,8820,-62,5,2,0,-7,4698,4698
651,10935,5459,9650,1487,2505,-4005,-4,-4,-2,1482,-3928,2467,1515,2505,-4032,0,-136,0,9945,5,8765,-37,8817,-38,0,3,0,-8,4698,4698
652,10939,5461,9650,216,3327,-3637,-14,-9,-7,1493,-3922,2467,243,3338,-3674,0,-169,0,9951,5,8765,-25,8823,-50,-6,2,0,-9,4698,4698
653,10932,5461,9650,-1072,3836,-2912,-11,-9,-4,1482,-3928,2461,-1045,3857,-2955,0,-300,0,9951,5,8765,-37,8820,-62,5,3,0,-1,4698,4698
654,10932,5459,9650,-2224,3982,-1916,-2,-9,0,1487,-3928,2461,-2197,4009,-1965,0,-230,0,9951,5,8768,-37,8823,-50,5,4,0,-3,4698,4698
655,10935,5461,9650,-3144,3755,-688,-9,-11,-7,1493,-3922,2467,-3144,3782,-726,0,-164,0,9954,5,8762,-37,8823,-62,5,3,0,0,4698,4698
656,10929,5457,9650,-3766,3165,606,-7,-4,-2,1493,-3928,2467,-3766,3187,573,0,-136,0,9958,5,8759,-37,8817,-50,-6,3,0,0,4698,4698
657,10929,5453,9650,-4032,2256,1947,-11,-7,-2,1487,-3928,2461,-4053,2142,1931,0,-99,0,9954,5,8762,-25,8820,-50,0,3,0,9,4698,4698
658,10932,5457,9650,-3923,1098,2829,-7,-11,-11,1493,-3922,2472,-3934,1125,2819,0,-43,0,9954,5,8765,-25,8823,-62,11,3,0,12,4698,4698
659,10932,5455,9650,-3453,-222,3544,-4,-4,-7,1487,-3928,2461,-3453,-190,3544,0,14,0,9961,5,8762,-49,8820,-50,-6,3,0,11,4698,4698
660,10925,5453,9650,-2630,-1467,3949,0,0,0,1487,-3928,2456,-2641,-1456,3939,0,93,0,9958,5,8762,-49,8820,-50,0,4,0,19,4698,4698
661,10922,5455,9650,-1543,-2560,3960,-4,-7,-9,1498,-3917,2472,-1553,-2544,3966,0,131,0,9961,5,8765,-25,8823,-50,0,4,0,9,4698,4698
662,10929,5453,9650,-266,-3399,3598,-2,0,-7,1493,-3922,2461,-276,-3393,3603,0,159,0,9964,5,8762,-37,8820,-38,0,4,0,9,4698,4698
663,10919,5453,9650,1006,-3907,2884,-4,7,-4,1487,-3928,2461,1017,-3918,2873,0,304,0,9964,5,8768,-37,8830,-38,-6,4,0,7,4698,4698
664,10922,5453,9650,2158,-4059,1877,-7,-2,-2,1493,-3922,2467,2175,-4064,1888,0,220,0,9967,5,8765,-37,8820,-38,0,2,0,0,4698,4698
665,10919,5453,9650,3095,-3815,654,-4,0,-4,1493,-3922,2467,3116,-3826,654,0,163,0,9967,5,8762,-37,8820,-62,0,2,0,1,4698,4698
666,10922,5452,9650,3728,-3215,-623,0,0,-2,1482,-3928,2461,3749,-3225,-634,0,140,0,9964,5,8765,-37,8823,-50,5,3,0,-6,4698,4698
667,10922,5452,9650,3987,-2306,-1846,-4,-4,-7,1493,-3922,2461,4020,-2316,-1862,0,84,0,9970,5,8765,-37,8823,-38,5,3,0,-6,4698,4698
668,10915,5450,9650,3874,-1153,-2868,-7,0,-7,1493,-3922,2467,3885,-1169,-2879,0,42,0,9970,5,8762,-37,8820,-62,0,2,0,-10,4698,4698
669,10919,5450,9650,3398,178,-3593,-2,0,-2,1482,-3928,2461,3430,156,-3615,0,-24,0,9970,5,8765,-25,8820,-38,0,4,0,-11,4698,4698
670,10919,5450,9650,2570,1423,-3994,-7,-4,-7,1487,-3922,2461,2613,1406,-4015,0,-108,0,9974,5,8765,-37,8823,-62,5,3,0,-7,4698,4698
671,10912,5448,9650,1471,2516,-4010,-4,-7,-2,1487,-3922,2461,1520,2499,-4037,0,-136,0,9974,5,8762,-49,8820,-62,5,2,0,-8,4698,4698
672,10909,5448,9650,37,3403,-3583,-11,-9,-2,1493,-3922,2461,70,3408,-3604,0,-188,0,9974,5,8762,-49,8820,-50,0,3,0,-3,4698,4698
673,10915,5450,9650,-1077,3847,-2922,-7,-14,-9,1493,-3917,2472,-1045,3857,-2955,0,-305,0,9977,5,8765,-37,8820,-50,5,3,0,-5,4698,4698
674,10912,5446,9650,-2224,3993,-1927,-7,-4,-2,1493,-3917,2461,-2214,4004,-1959,0,-230,0,9977,5,8762,-37,8817,-50,0,2,0,-3,4698,4698
675,10909,5446,9650,-3150,3771,-693,-2,-7,-2,1482,-3922,2461,-3150,3776,-736,0,-169,0,9977,5,8762,-37,8823,-62,11,3,0,3,4698,4698
676,10912,5448,9650,-3772,3181,606,-11,-9,-4,1493,-3922,2467,-3772,3192,578,0,-141,0,9977,5,8765,-37,8823,-50,5,3,0,8,4698,4698
677,10902,5444,9650,-4042,2261,1812,-4,-9,-4,1487,-3922,2461,-4042,2277,1796,0,-99,0,9983,5,8762,-37,8820,-50,-6,4,0,6,4698,4698
678,10909,5444,9650,-3929,1120,2840,-2,-9,-9,1482,-3922,2467,-3934,1130,2813,0,-43,0,9980,5,8765,-37,8823,-38,5,3,0,14,4698,4698
679,10906,5446,9650,-3447,-222,3554,-4,-4,-4,1493,-3917,2467,-3458,-190,3549,0,9,0,9983,5,8762,-37,8820,-50,0,3,0,13,4698,4698
680,10902,5446,9650,-2630,-1478,3949,-4,-2,-4,1493,-3922,2461,-2641,-1456,3944,0,93,0,9990,5,8762,-25,8823,-38,5,3,0,18,4698,4698
681,10899,5444,9650,-1537,-2560,3960,-7,0,-2,1482,-3922,2461,-1553,-2549,3960,0,126,0,9987,5,8765,-37,8820,-50,0,4,0,14,4698,4698
682,10906,5444,9650,-266,-3393,3598,-4,-2,-7,1493,-3917,2467,-271,-3393,3603,0,163,0,9990,5,8762,-37,8823,-38,5,3,0,11,4698,4698
683,10902,5442,9650,1011,-3913,2878,-2,-2,-9,1487,-3917,2467,1006,-3918,2889,0,309,0,9987,5,8762,-37,8817,-50,5,4,0,7,4698,4698
684,10896,5442,9650,2164,-4064,1882,2,4,0,1482,-3922,2456,2169,-4069,1882,0,224,0,9993,5,8765,-25,8823,-38,5,3,0,2,4698,4698
685,10902,5442,9650,3095,-3815,654,-4,0,-7,1493,-3917,2467,3116,-3826,660,0,163,0,10016,5,8762,-37,8820,-50,-6,2,0,-1,4698,4698
686,10896,5440,9650,3728,-3204,-623,2,0,0,1487,-3922,2456,3749,-3225,-634,0,140,0,10028,5,8762,-49,8820,-75,-6,3,0,-2,4698,4698
687,10899,5442,9650,3993,-2300,-1851,-7,-9,-4,1487,-3922,2461,4020,-2316,-1862,0,93,0,10038,5,8768,-25,8823,-38,5,3,0,-9,4698,4698
688,10892,5442,9650,3874,-1148,-2874,-9,-7,-4,1493,-3917,2467,3906,-1169,-2879,0,32,0,10048,5,8765,-25,8820,-62,0,3,0,-9,4698,4698
689,10889,5438,9650,3398,178,-3593,0,-4,-2,1482,-3922,2456,3430,156,-3620,0,-19,0,10048,5,8762,-49,8817,-50,-6,3,0,-4,4698,4698
690,10889,5438,9650,2575,1412,-3994,-2,-4,-7,1487,-3922,2461,2618,1412,-4015,0,-104,0,10054,5,8765,-37,8823,-50,5,2,0,-11,4698,4698
691,10896,5438,9650,1482,2499,-4015,-7,-9,-7,1493,-3912,2467,1509,2499,-4042,0,-141,0,10061,5,8762,-25,8820,-50,5,2,0,-4,4698,4698
692,10886,5438,9650,216,3338,-3637,-9,-4,-2,1487,-3928,2456,243,3338,-3674,0,-164,0,10061,5,8762,-62,8820,-50,-6,2,0,-10,4698,4698
693,10896,5436,9650,-1077,3847,-2917,-14,-14,-9,1477,-3928,2456,-1045,3857,-2955,0,-305,0,10061,5,8765,-25,8823,-38,0,2,0,-5,4698,4698
694,10889,5436,9650,-2230,3993,-1927,-7,-14,-7,1493,-3917,2461,-2208,4009,-1959,0,-235,0,10067,5,8762,-37,8820,-62,-6,2,0,0,4698,4698
695,10882,5436,9650,-3150,3755,-693,-9,-7,-2,1487,-3917,2461,-3155,3782,-731,0,-169,0,10067,5,8759,-49,8820,-62,0,2,0,-2,4698,4698
696,10886,5434,9650,-3766,3165,611,-9,-9,-7,1493,-3917,2461,-3766,3197,573,0,-141,0,10070,5,8765,-25,8823,-50,11,3,0,5,4698,4698
697,10882,5434,9650,-4037,2234,1818,-7,-11,-4,1493,-3917,2461,-4042,2272,1796,0,-108,0,10074,5,8759,-49,8820,-50,0,2,0,6,4698,4698
698,10882,5434,9650,-3929,1098,2835,0,-4,-4,1487,-3917,2461,-3934,1125,2808,0,-47,0,10074,5,8759,-49,8820,-62,0,3,0,10,4698,4698
699,10882,5430,9650,-3447,-217,3554,-4,-11,-7,1487,-3917,2467,-3453,-184,3549,0,14,0,10080,5,8762,-25,8823,-50,5,3,0,14,4698,4698
700,10882,5434,9650,-2641,-1467,3944,-4,-2,-7,1493,-3917,2467,-2646,-1456,3944,0,98,0,10083,5,8759,-37,8820,-62,5,2,0,11,4698,4698
701,10879,5430,9650,-1559,-2554,3971,0,0,-7,1493,-3917,2461,-1402,-2668,3939,0,140,0,10077,5,8765,-37,8823,-50,0,2,0,8,4698,4698
702,10879,5430,9650,-271,-3382,3592,0,2,-7,1487,-3917,2461,-271,-3388,3603,0,168,0,10083,5,8765,-37,8823,-38,0,3,0,9,4698,4698
703,10882,5430,9650,995,-3907,2873,0,0,-7,1487,-3917,2461,1006,-3913,2889,0,309,0,10086,5,8762,-49,8820,-50,0,2,0,1,4698,4698
704,10872,5428,9650,2148,-4059,1877,-2,0,-2,1487,-3922,2461,2169,-4069,1888,0,229,0,10083,5,8765,-37,8820,-38,0,3,0,4,4698,4698
705,10879,5430,9650,3100,-3810,654,0,-2,-9,1487,-3917,2456,3116,-3821,660,0,173,0,10086,5,8765,-25,8823,-50,0,3,0,-6,4698,4698
706,10876,5428,9650,3722,-3204,-628,-4,0,-7,1493,-3917,2461,3749,-3225,-628,0,140,0,10090,5,8759,-25,8820,-62,-6,2,0,-4,4698,4698
707,10869,5428,9650,3982,-2306,-1862,-2,2,-2,1487,-3917,2456,4020,-2316,-1867,0,93,0,10090,5,8765,-37,8817,-38,-6,3,0,-4,4698,4698
708,10872,5430,9650,3874,-1142,-2863,0,0,-2,1487,-3922,2451,3912,-1164,-2879,0,32,0,10093,5,8765,-37,8823,-62,11,3,0,-14,4698,4698
709,10872,5426,9650,3398,173,-3599,-2,-2,-4,1487,-3912,2461,3430,151,-3620,0,-29,0,10096,5,8759,-37,8817,-50,0,3,0,-6,4698,4698
710,10866,5426,9650,2575,1412,-3988,0,-4,2,1487,-3917,2451,2608,1406,-4015,0,-104,0,10093,5,8765,-49,8820,-62,-6,4,0,-8,4698,4698
711,10869,5428,9650,1482,2510,-4010,-4,-14,-4,1487,-3917,2461,1520,2499,-4042,0,-150,0,10096,5,8762,-25,8820,-38,0,3,0,-6,4698,4698
712,10866,5424,9650,211,3343,-3647,-9,-9,-2,1487,-3912,2461,243,3338,-3674,0,-174,0,10099,5,8759,-37,8817,-62,0,3,0,-2,4698,4698
713,10866,5426,9650,-1083,3847,-2922,-7,-4,-4,1487,-3917,2456,-1045,3863,-2955,0,-310,0,10099,5,8765,-37,8823,-62,5,4,0,-7,4698,4698
714,10862,5424,9650,-2219,3993,-1921,-7,-7,-2,1487,-3912,2461,-2214,4009,-1965,0,-235,0,10099,5,8762,-37,8820,-62,0,3,0,0,4698,4698
715,10859,5424,9650,-3155,3765,-699,-4,-11,0,1487,-3917,2461,-3150,3776,-731,0,-169,0,10106,5,8762,-37,8820,-62,5,3,0,5,4698,4698
716,10862,5422,9650,-3777,3176,600,-9,-9,-4,1482,-3917,2461,-3772,3187,573,0,-141,0,10106,5,8765,-49,8820,-38,11,3,0,8,4698,4698
717,10862,5424,9650,-4042,2267,1823,-4,-11,-9,1487,-3912,2467,-4042,2283,1796,0,-104,0,10109,5,8762,-37,8823,-50,11,3,0,9,4698,4698
718,10852,5420,9650,-3934,1114,2835,0,0,-4,1487,-3917,2461,-3940,1125,2808,0,-47,0,10109,5,8759,-37,8817,-62,0,4,0,11,4698,4698
719,10856,5422,9650,-3447,-217,3554,0,2,-2,1477,-3917,2456,-3463,-195,3533,0,18,0,10109,5,8765,-37,8820,-38,0,4,0,17,4698,4698
720,10856,5420,9650,-2527,-1645,3977,-2,-2,-4,1482,-3922,2451,-2527,-1613,3960,0,98,0,10112,5,8765,-49,8820,-62,5,4,0,18,4698,4698
721,10859,5420,9650,-1532,-2560,3971,-2,-2,-2,1487,-3912,2461,-1553,-2549,3966,0,135,0,10115,5,8759,-49,8820,-38,0,3,0,10,4698,4698
722,10849,5420,9650,-271,-3404,3598,4,0,0,1477,-3917,2456,-276,-3393,3603,0,168,0,10115,5,8765,-37,8823,-38,0,3,0,11,4698,4698
723,10852,5420,9650,1011,-3913,2884,0,4,-7,1487,-3917,2461,1011,-3913,2889,0,304,0,10115,5,8762,-37,8823,-50,0,3,0,4,4698,4698
724,10849,5420,9650,2158,-4064,1877,-7,4,-2,1487,-3917,2451,2169,-4064,1888,0,229,0,10119,5,8762,-37,8817,-62,0,2,0,3,4698,4698
725,10849,5418,9650,3100,-3815,660,-2,0,-4,1493,-3912,2456,3203,-3777,497,0,173,0,10115,5,8762,-49,8820,-75,-6,3,0,-2,4698,4698
726,10852,5418,9650,3728,-3220,-628,-4,-2,-9,1493,-3906,2461,3749,-3231,-628,0,135,0,10125,5,8762,-25,8823,-38,0,2,0,-5,4698,4698
727,10846,5416,9650,3993,-2300,-1856,2,-2,0,1482,-3912,2451,4014,-2322,-1867,0,98,0,10122,5,8762,-37,8817,-75,-6,3,0,-4,4698,4698
728,10846,5416,9650,3885,-1153,-2863,-4,0,-2,1482,-3917,2456,3906,-1169,-2879,0,42,0,10122,5,8762,-37,8823,-38,0,4,0,-13,4698,4698
729,10846,5418,9650,3398,178,-3599,-4,-9,-7,1487,-3912,2456,3430,156,-3620,0,-24,0,10128,5,8762,-37,8820,-62,0,3,0,-11,4698,4698
730,10846,5418,9650,2570,1423,-3988,-2,-4,-4,1487,-3912,2451,2613,1412,-4021,0,-99,0,10125,5,8762,-37,8817,-50,0,0,0,-7,4698,4698
731,10842,5414,9650,1482,2516,-4005,-4,-7,-2,1477,-3917,2451,1509,2499,-4048,0,-141,0,10128,5,8765,-37,8823,-50,17,3,0,-10,4698,4698
732,10846,5414,9650,211,3338,-3647,-4,-9,-7,1487,-3917,2456,243,3343,-3680,0,-174,0,10132,5,8762,-37,8820,-50,5,2,0,-2,4698,4698
733,10842,5414,9650,-1083,3852,-2928,-4,-7,0,1487,-3912,2461,-1056,3852,-2960,0,-305,0,10135,5,8759,-49,8817,-50,-6,2,0,-1,4698,4698
734,10839,5414,9650,-2224,4009,-1927,-4,-14,-2,1477,-3917,2451,-2203,4020,-1965,0,-230,0,10132,5,8765,-25,8823,-38,5,3,0,-2,4698,4698
735,10839,5414,9650,-3155,3765,-699,-9,-11,-4,1487,-3906,2461,-3139,3787,-726,0,-169,0,10135,5,8762,-49,8820,-50,0,2,0,3,4698,4698
736,10836,5412,9650,-3772,3170,606,-9,-4,-2,1487,-3912,2451,-3772,3192,573,0,-146,0,10135,5,8762,-49,8817,-62,-6,3,0,0,4698,4698
737,10836,5410,9650,-4037,2267,1828,-2,-7,-4,1477,-3917,2451,-4042,2288,1796,0,-99,0,10138,5,8765,-25,8823,-38,5,4,0,11,4698,4698
738,10836,5410,9650,-3923,1098,2835,-4,-4,-7,1487,-3912,2461,-3940,1130,2819,0,-52,0,10141,5,8762,-37,8820,-62,5,3,0,11,4698,4698
739,10832,5410,9650,-3447,-217,3554,0,-2,0,1482,-3912,2456,-3458,-190,3549,0,9,0,10138,5,8759,-37,8820,-50,5,4,0,13,4698,4698
740,10832,5410,9650,-2636,-1467,3949,-9,-9,-9,1482,-3917,2456,-2646,-1456,3944,0,98,0,10144,5,8765,-25,8820,-50,11,4,0,15,4698,4698
741,10832,5410,9650,-1543,-2544,3960,-11,-7,-9,1487,-3912,2461,-1548,-2544,3971,0,131,0,10148,5,8762,-25,8820,-38,5,3,0,11,4698,4698
742,10829,5408,9650,-276,-3393,3598,0,4,-4,1487,-3912,2456,-282,-3399,3598,0,163,0,10144,5,8762,-49,8820,-62,-6,4,0,11,4698,4698
743,10829,5406,9650,1006,-3902,2884,2,2,-2,1487,-3912,2451,1006,-3913,2894,0,299,0,10144,5,8765,-37,8820,-50,0,3,0,7,4698,4698
744,10829,5408,9650,2164,-4064,1882,-7,-2,-7,1487,-3906,2456,2169,-4069,1888,0,224,0,10151,5,8762,-37,8820,-62,-6,2,0,-2,4698,4698
745,10826,5408,9650,3100,-3804,660,0,0,-2,1482,-3912,2456,3122,-3831,660,0,168,0,10148,5,8762,-49,8820,-50,5,3,0,1,4698,4698
746,10829,5408,9650,3717,-3209,-634,0,-4,-7,1466,-3928,2445,3755,-3231,-634,0,131,0,10151,5,8765,-25,8820,-38,0,3,0,-2,4698,4698
747,10826,5406,9650,3987,-2295,-1867,-4,-4,-7,1487,-3912,2456,4020,-2322,-1862,0,93,0,10154,5,8762,-37,8820,-62,0,3,0,-6,4698,4698
748,10819,5404,9650,3868,-1148,-2868,-2,0,-2,1477,-3912,2451,3912,-1169,-2879,0,42,0,10151,5,8759,-62,8817,-50,5,4,0,-9,4698,4698
749,10826,5404,9650,3300,308,-3685,-4,-2,-2,1482,-3912,2451,3327,297,-3696,0,-47,0,10154,5,8759,-37,8817,-62,5,1,0,-6,4698,4698
750,10826,5406,9650,2575,1406,-3994,-4,-2,-4,1487,-3906,2461,2608,1401,-4021,0,-104,0,10161,5,8759,-49,8820,-38,0,2,0,-7,4698,4698
751,10819,5402,9650,1477,2494,-4010,-4,-2,-2,1477,-3917,2451,1520,2499,-4042,0,-136,0,10157,5,8762,-49,8817,-62,0,3,0,-5,4698,4698
752,10822,5400,9650,216,3333,-3647,-9,-9,-4,1487,-3906,2461,238,3338,-3685,0,-169,0,10161,5,8765,-25,8823,-38,5,3,0,-7,4698,4698
753,10819,5402,9650,-1072,3841,-2917,-7,-14,-4,1487,-3906,2456,-1050,3857,-2960,0,-310,0,10164,5,8762,-37,8820,-50,0,3,0,0,4698,4698
754,10816,5400,9650,-2224,3987,-1916,-4,-7,-4,1482,-3912,2456,-2203,4009,-1959,0,-239,0,10161,5,8765,-37,8820,-50,0,4,0,-3,4698,4698
755,10816,5400,9650,-3144,3765,-688,-7,-11,-9,1487,-3912,2461,-3144,3787,-731,0,-169,0,10167,5,8762,-37,8820,-50,5,3,0,1,4698,4698
756,10816,5400,9650,-3772,3165,606,-4,-9,-7,1487,-3906,2456,-3772,3187,573,0,-146,0,10170,5,8762,-37,8820,-50,5,3,0,4,4698,4698
757,10812,5400,9650,-4037,2261,1828,-2,-7,-4,1477,-3912,2456,-4042,2283,1801,0,-99,0,10164,5,8765,-37,8817,-38,11,4,0,11,4698,4698
758,10812,5398,9650,-3923,1103,2835,-9,-11,-7,1482,-3906,2461,-3934,1125,2819,0,-47,0,10170,5,8762,-37,8820,-50,5,2,0,12,4698,4698
759,10812,5398,9650,-3447,-212,3554,-2,-2,-4,1482,-3906,2456,-3458,-190,3544,0,14,0,10173,5,8762,-37,8820,-62,-6,3,0,11,4698,4698
760,10812,5398,9650,-2636,-1467,3955,-4,0,-4,1477,-3912,2451,-2641,-1456,3944,0,93,0,10170,5,8765,-49,8817,-38,5,3,0,11,4698,4698
761,10809,5398,9650,-1543,-2560,3971,-11,-4,-9,1482,-3906,2461,-1553,-2544,3966,0,126,0,10173,5,8762,-25,8820,-38,5,3,0,12,4698,4698
762,10812,5396,9650,-271,-3404,3598,-2,0,-4,1487,-3906,2456,-282,-3399,3598,0,168,0,10177,5,8759,-49,8820,-62,-6,2,0,9,4698,4698
763,10802,5394,9650,1006,-3913,2884,2,2,-2,1477,-3912,2451,1011,-3913,2889,0,299,0,10177,5,8762,-37,8817,-62,0,4,0,11,4698,4698
764,10806,5394,9650,2158,-4064,1882,-7,-4,-7,1487,-3906,2456,2175,-4064,1893,0,215,0,10180,5,8765,-37,8820,-38,5,2,0,-3,4698,4698
765,10802,5396,9650,3100,-3821,660,0,-2,-4,1482,-3906,2451,3111,-3831,660,0,168,0,10183,5,8759,-37,8817,-50,5,3,0,-1,4698,4698
766,10799,5394,9650,3728,-3220,-623,0,-2,-2,1477,-3912,2451,3749,-3225,-628,0,135,0,10180,5,8768,-25,8820,-50,-6,4,0,1,4698,4698
767,10802,5394,9650,3998,-2311,-1851,-2,-2,-4,1482,-3906,2461,4014,-2316,-1862,0,88,0,10183,5,8762,-37,8823,-38,0,4,0,-11,4698,4698
768,10802,5394,9650,3847,-991,-2982,-7,-4,-2,1471,-3912,2451,3868,-1007,-2987,0,32,0,10190,5,8765,-37,8820,-50,0,3,0,-10,4698,4698
769,10796,5392,9650,3403,189,-3593,0,0,0,1477,-3912,2451,3425,151,-3615,0,-24,0,10186,5,8765,-37,8820,-50,0,3,0,-11,4698,4698
770,10796,5390,9650,2451,1563,-4026,-7,0,0,1482,-3906,2451,2483,1547,-4042,0,-108,0,10190,5,8759,-49,8820,-75,0,2,0,-12,4698,4698
771,10796,5392,9650,1482,2521,-4010,-4,-9,-7,1482,-3906,2456,1520,2505,-4042,0,-141,0,10190,5,8762,-37,8820,-62,5,3,0,-1,4698,4698
772,10796,5390,9650,211,3354,-3647,-11,-11,-4,1477,-3912,2451,243,3338,-3685,0,-160,0,10190,5,8765,-37,8820,-50,11,3,0,-9,4698,4698
773,10799,5390,9650,-1077,3857,-2922,-11,-16,-11,1487,-3901,2456,-1039,3857,-2955,0,-305,0,10196,5,8762,-37,8823,-38,5,3,0,-4,4698,4698
774,10796,5390,9650,-2224,3998,-1927,-4,-9,-4,1477,-3906,2451,-2208,4009,-1965,0,-235,0,10196,5,8759,-49,8817,-50,-6,2,0,-1,4698,4698
775,10792,5390,9650,-3150,3776,-693,-2,-4,-2,1477,-3906,2451,-3144,3782,-742,0,-164,0,10193,5,8762,-37,8830,-50,0,3,0,1,4698,4698
776,10792,5390,9650,-3777,3181,606,-14,-7,-7,1487,-3901,2451,-3761,3203,573,0,-141,0,10199,5,8762,-37,8820,-50,5,3,0,6,4698,4698
777,10786,5386,9650,-4048,2267,1818,-2,-7,-2,1482,-3906,2451,-4048,2283,1796,0,-99,0,10199,5,8759,-49,8817,-50,-6,4,0,4,4698,4698
778,10792,5386,9650,-3923,1114,2840,-2,-4,-4,1477,-3912,2451,-3934,1130,2813,0,-33,0,10199,5,8765,-25,8820,-62,5,4,0,15,4698,4698
779,10789,5388,9650,-3447,-217,3554,-7,-9,-9,1487,-3901,2461,-3458,-184,3549,0,14,0,10202,5,8762,-25,8820,-50,5,2,0,13,4698,4698
780,10786,5382,9650,-2636,-1472,3944,-2,-4,-4,1487,-3906,2451,-2652,-1461,3944,0,98,0,10202,5,8759,-49,8817,-62,0,2,0,10,4698,4698
781,10786,5384,9650,-1532,-2554,3971,2,0,-2,1477,-3906,2451,-1548,-2549,3966,0,126,0,10202,5,8762,-25,8823,-38,-6,4,0,16,4698,4698
782,10786,5386,9650,-266,-3399,3603,-4,-2,-9,1482,-3901,2461,-282,-3399,3609,0,159,0,10209,5,8762,-37,8820,-50,0,3,0,7,4698,4698
783,10789,5384,9650,1006,-3918,2884,2,2,0,1482,-3901,2451,1006,-3923,2889,0,299,0,10209,5,8759,-62,8817,-62,0,2,0,9,4698,4698
784,10786,5382,9650,2164,-4064,1888,-7,-2,-7,1482,-3906,2451,2175,-4059,1893,0,215,0,10202,5,8765,-25,8820,-25,0,4,0,2,4698,4698
785,10782,5384,9650,3100,-3815,654,-4,-2,-7,1482,-3901,2461,3116,-3831,660,0,163,0,10212,5,8765,-25,8820,-38,0,3,0,-3,4698,4698
786,10776,5382,9650,3728,-3204,-623,0,-2,-2,1482,-3901,2451,3749,-3231,-628,0,135,0,10212,5,8759,-49,8820,-62,-6,3,0,-5,4698,4698
787,10782,5382,9650,3987,-2300,-1867,2,2,-4,1471,-3906,2451,4020,-2316,-1856,0,93,0,10212,5,8762,-37,8823,-38,5,3,0,-6,4698,4698
788,10776,5384,9650,3874,-1142,-2874,-11,-4,-4,1487,-3901,2451,3917,-1164,-2874,0,37,0,10219,5,8762,-37,8820,-62,0,3,0,-9,4698,4698
789,10776,5382,9650,3403,183,-3588,0,0,-4,1477,-3906,2451,3435,156,-3615,0,-24,0,10219,5,8759,-49,8817,-50,-6,4,0,-9,4698,4698
790,10772,5380,9650,2580,1412,-3988,-4,-9,-9,1477,-3906,2445,2618,1412,-4015,0,-104,0,10219,5,8765,-25,8826,-38,5,3,0,-8,4698,4698
791,10776,5378,9650,1341,2613,-3983,-11,-9,-9,1482,-3901,2456,1368,2613,-4021,0,-150,0,10222,5,8762,-49,8823,-50,11,4,0,-11,4698,4698
792,10769,5378,9650,216,3338,-3642,-2,-4,-2,1482,-3906,2451,243,3343,-3674,0,-164,0,10228,5,8762,-37,8817,-50,-6,3,0,-4,4698,4698
793,10769,5378,9650,-1072,3852,-2917,-2,-7,-2,1482,-3906,2445,-1050,3863,-2857,0,-291,0,10219,5,8762,-25,8820,-50,0,3,0,0,4698,4698
794,10772,5380,9650,-2224,3993,-1927,-9,-14,-4,1482,-3901,2456,-2203,4014,-1965,0,-230,0,10228,5,8762,-37,8820,-50,0,2,0,-1,4698,4698
795,10769,5376,9650,-3150,3760,-688,-4,-11,-4,1482,-3901,2451,-3144,3782,-731,0,-164,0,10222,5,8762,-49,8817,-62,5,3,0,0,4698,4698
796,10769,5378,9650,-3766,3176,616,-11,-11,-9,1482,-3895,2456,-3766,3197,573,0,-136,0,10225,5,8762,-25,8823,-38,5,3,0,7,4698,4698
797,10769,5378,9650,-4037,2245,1823,-4,-9,-7,1477,-3901,2456,-4048,2277,1796,0,-104,0,10228,5,8762,-37,8820,-50,0,2,0,9,4698,4698
798,10762,5376,9650,-3929,1098,2840,0,2,-2,1477,-3906,2445,-3945,1125,2813,0,-47,0,10225,5,8762,-62,8817,-62,0,4,0,3,4698,4698
799,10766,5376,9650,-3447,-212,3554,0,0,-4,1477,-3906,2451,-3458,-184,3544,0,9,0,10231,5,8762,-25,8820,-38,0,3,0,16,4698,4698
800,10762,5376,9650,-2641,-1467,3944,-11,0,-2,1482,-3901,2451,-2646,-1456,3944,0,93,0,10235,5,8762,-37,8820,-50,-6,2,0,13,4698,4698
801,10759,5374,9650,-1548,-2554,3960,-4,2,-2,1477,-3906,2445,-1559,-2549,3966,0,131,0,10231,5,8762,-49,8820,-62,0,3,0,11,4698,4698
802,10766,5374,9650,-276,-3393,3598,0,-2,-7,1466,-3912,2440,-276,-3393,3603,0,159,0,10235,5,8762,-25,8823,-50,5,3,0,9,4698,4698
803,10759,5374,9650,995,-3913,2878,-2,-7,-7,1487,-3901,2456,1001,-3918,2889,0,299,0,10238,5,8762,-49,8820,-62,-6,2,0,0,4698,4698
804,10759,5370,9650,2153,-4048,1888,-2,4,-2,1477,-3901,2445,2169,-4069,1888,0,224,0,10235,5,8759,-49,8820,-62,-6,3,0,2,4698,4698
805,10759,5370,9650,3100,-3810,654,-4,-4,-7,1482,-3901,2456,3122,-3831,660,0,163,0,10241,5,8765,-25,8823,-25,0,4,0,-2,4698,4698
806,10762,5372,9650,3717,-3215,-634,0,2,-2,1482,-3901,2451,3749,-3231,-628,0,135,0,10241,5,8762,-49,8820,-62,0,3,0,-3,4698,4698
807,10756,5370,9650,3982,-2300,-1856,0,2,-4,1477,-3906,2451,4020,-2316,-1862,0,88,0,10241,5,8762,-25,8817,-38,0,4,0,-6,4698,4698
808,10756,5370,9650,3874,-1148,-2868,-11,-4,-4,1482,-3895,2451,3912,-1164,-2879,0,32,0,10244,5,8762,-25,8823,-50,5,2,0,-12,4698,4698
809,10752,5370,9650,3398,178,-3588,-7,-7,-4,1482,-3901,2451,3435,146,-3615,0,-29,0,10248,5,8759,-49,8817,-62,5,3,0,-7,4698,4698
810,10749,5368,9650,2570,1417,-3994,0,-4,-2,1477,-3901,2451,2613,1401,-4021,0,-104,0,10244,5,8762,-37,8817,-38,-6,4,0,-9,4698,4698
811,10752,5370,9650,1487,2521,-4010,-4,-11,-9,1477,-3895,2451,1520,2510,-4037,0,-141,0,10248,5,8762,-25,8823,-50,5,4,0,-6,4698,4698
812,10752,5370,9650,205,3338,-3653,-11,-11,-4,1487,-3901,2445,243,3343,-3680,0,-169,0,10251,5,8762,-37,8820,-50,5,4,0,-4,4698,4698
813,10749,5366,9650,-1072,3852,-2922,-11,-9,-7,1482,-3895,2451,-1207,3895,-2852,0,-296,0,10248,5,8762,-25,8823,-38,11,3,0,0,4698,4698
814,10749,5366,9650,-2230,3993,-1927,-7,-9,-7,1482,-3895,2451,-2208,4014,-1959,0,-230,0,10254,5,8762,-25,8820,-62,0,3,0,-3,4698,4698
815,10742,5366,9650,-3155,3771,-693,-4,-7,-4,1482,-3901,2451,-3144,3782,-731,0,-169,0,10254,5,8759,-49,8817,-50,0,2,0,1,4698,4698
816,10746,5366,9650,-3842,3073,768,-11,-9,-4,1487,-3901,2451,-3831,3089,730,0,-141,0,10251,5,8759,-25,8823,-38,0,3,0,6,4698,4698
817,10746,5366,9650,-4048,2267,1818,-7,-14,-7,1482,-3895,2451,-4048,2277,1796,0,-104,0,10257,5,8762,-37,8820,-50,0,3,0,6,4698,4698
818,10742,5364,9650,-3934,1109,2835,-7,-7,-2,1482,-3895,2451,-3940,1125,2813,0,-47,0,10257,5,8759,-49,8817,-50,-6,3,0,8,4698,4698
819,10742,5364,9650,-3442,-212,3560,-2,-4,-2,1477,-3901,2445,-3458,-190,3544,0,14,0,10254,5,8765,-37,8823,-38,5,4,0,15,4698,4698
820,10742,5364,9650,-2630,-1483,3955,-7,-7,-7,1487,-3895,2451,-2652,-1461,3944,0,98,0,10264,5,8762,-37,8820,-50,0,3,0,11,4698,4698
821,10742,5362,9650,-1537,-2565,3960,-4,2,-4,1482,-3895,2445,-1559,-2549,3966,0,135,0,10260,5,8759,-37,8817,-50,-6,3,0,9,4698,4698
822,10736,5360,9650,-266,-3399,3603,2,2,-2,1477,-3901,2445,-276,-3393,3603,0,163,0,10260,5,8765,-37,8820,-50,5,4,0,9,4698,4698
823,10739,5364,9650,1011,-3918,2878,-2,0,-7,1466,-3912,2434,1006,-3918,2894,0,299,0,10267,5,8765,-37,8820,-50,5,3,0,5,4698,4698
824,10736,5360,9650,2158,-4069,1872,-7,4,-2,1477,-3901,2445,2164,-4069,1888,0,229,0,10267,5,8759,-49,8817,-50,0,3,0,1,4698,4698
825,10732,5360,9650,3100,-3810,660,2,-2,-4,1471,-3895,2451,3111,-3837,660,0,168,0,10264,5,8762,-37,8823,-62,0,4,0,-1,4698,4698
826,10736,5360,9650,3733,-3220,-628,0,-4,-4,1477,-3895,2451,3749,-3231,-628,0,135,0,10273,5,8762,-37,8820,-38,-6,3,0,-5,4698,4698
827,10729,5360,9650,3993,-2311,-1862,-2,-2,-7,1482,-3895,2451,4020,-2322,-1862,0,88,0,10270,5,8759,-49,8817,-50,5,3,0,-4,4698,4698
828,10726,5358,9650,3885,-1148,-2863,-2,-4,-2,1477,-3901,2440,3912,-1175,-2890,0,37,0,10270,5,8762,-25,8826,-38,5,4,0,-11,4698,4698
829,10732,5362,9650,3398,178,-3593,-4,-7,-9,1471,-3895,2451,3430,151,-3620,0,-29,0,10277,5,8765,-37,8820,-50,11,2,0,-15,4698,4698
830,10729,5358,9650,2575,1417,-3994,-4,-4,-4,1477,-3895,2445,2613,1406,-4021,0,-94,0,10273,5,8759,-37,8817,-62,0,2,0,-4,4698,4698
831,10729,5356,9650,1487,2516,-4005,-4,-4,-4,1471,-3901,2451,1520,2510,-4037,0,-136,0,10273,5,8762,-25,8823,-25,5,3,0,-8,4698,4698
832,10729,5356,9650,211,3343,-3642,-11,-9,-7,1482,-3890,2451,238,3343,-3674,0,-174,0,10280,5,8762,-37,8820,-62,0,2,0,-7,4698,4698
833,10722,5354,9650,-1077,3852,-2928,-9,-4,-2,1477,-3895,2445,-1056,3852,-2960,0,-310,0,10280,5,8759,-37,8813,-62,5,2,0,-4,4698,4698
834,10726,5356,9650,-2354,3987,-1781,-9,-11,-4,1482,-3895,2445,-2333,4004,-1819,0,-216,0,10277,5,8759,-37,8820,-50,11,2,0,0,4698,4698
835,10726,5356,9650,-3155,3760,-699,-9,-14,-7,1477,-3890,2451,-3150,3782,-731,0,-174,0,10283,5,8762,-49,8817,-62,0,2,0,3,4698,4698
836,10719,5354,9650,-3772,3176,606,-9,-7,-2,1482,-3895,2445,-3772,3192,573,0,-141,0,10283,5,8759,-49,8817,-50,0,3,0,1,4698,4698
837,10722,5352,9650,-4037,2256,1828,2,-2,-2,1471,-3901,2445,-4042,2288,1796,0,-104,0,10283,5,8765,-37,8820,-38,17,3,0,9,4698,4698
838,10722,5356,9650,-3923,1103,2840,-7,-9,-9,1482,-3890,2451,-3934,1136,2819,0,-43,0,10286,5,8762,-37,8820,-50,0,2,0,11,4698,4698
839,10712,5352,9650,-3453,-217,3549,-2,0,-4,1477,-3890,2451,-3458,-195,3544,0,14,0,10286,5,8759,-49,8817,-50,-6,2,0,10,4698,4698
840,10716,5352,9650,-2630,-1456,3955,0,-2,-9,1477,-3895,2445,-2646,-1456,3944,0,93,0,10289,5,8765,-25,8823,-25,5,3,0,18,4698,4698
841,10712,5352,9650,-1543,-2549,3955,-4,-4,-9,1482,-3895,2451,-1553,-2549,3966,0,131,0,10293,5,8755,-37,8820,-50,5,2,0,14,4698,4698
842,10716,5350,9650,-271,-3382,3598,0,2,-2,1477,-3895,2440,-276,-3393,3603,0,163,0,10293,5,8759,-49,8817,-38,0,3,0,4,4698,4698
843,10712,5350,9650,1001,-3913,2884,0,2,-2,1471,-3901,2440,1001,-3918,2889,0,299,0,10289,5,8759,-49,8817,-50,0,2,0,1,4698,4698
844,10716,5350,9650,2164,-4059,1877,-4,2,-4,1487,-3890,2451,2169,-4069,1893,0,220,0,10296,5,8762,-37,8820,-50,5,2,0,1,4698,4698
845,10709,5350,9650,3100,-3810,649,0,2,-2,1477,-3895,2451,3116,-3831,660,0,163,0,10296,5,8759,-37,8817,-50,0,4,0,0,4698,4698
846,10706,5348,9650,3728,-3198,-634,0,0,-2,1471,-3901,2440,3760,-3231,-628,0,135,0,10299,5,8765,-37,8823,-50,0,3,0,-6,4698,4698
847,10712,5350,9650,3982,-2295,-1862,-2,-2,-7,1477,-3895,2451,4025,-2316,-1862,0,93,0,10302,5,8762,-37,8820,-50,0,3,0,-6,4698,4698
848,10706,5344,9650,3879,-1142,-2868,-7,0,0,1477,-3895,2440,3912,-1164,-2874,0,42,0,10302,5,8759,-49,8817,-62,0,4,0,-8,4698,4698
849,10706,5346,9650,3403,178,-3593,-2,-2,-4,1471,-3895,2445,3435,151,-3615,0,-24,0,10299,5,8765,-37,8823,-50,5,3,0,-9,4698,4698
850,10709,5346,9650,2580,1406,-3994,-7,-4,-7,1482,-3890,2445,2608,1406,-4015,0,-104,0,10306,5,8759,-25,8820,-50,11,2,0,-7,4698,4698
851,10702,5344,9650,1487,2505,-4005,-7,-4,-7,1477,-3895,2440,1525,2499,-4042,0,-141,0,10302,5,8762,-49,8817,-62,5,3,0,-8,4698,4698
852,10702,5346,9650,216,3338,-3647,0,-4,-2,1471,-3901,2434,243,3338,-3680,0,-169,0,10306,5,8765,-25,8820,-38,5,3,0,-7,4698,4698
853,10706,5346,9650,-1066,3836,-2928,-9,-14,-7,1482,-3890,2451,-1045,3857,-2955,0,-314,0,10306,5,8762,-37,8820,-62,0,2,0,-5,4698,4698
854,10699,5342,9650,-2219,3993,-1921,-2,-4,0,1471,-3895,2440,-2208,4009,-1959,0,-239,0,10306,5,8759,-49,8817,-62,0,2,0,-3,4698,4698
855,10699,5342,9650,-3263,3695,-542,-11,-4,0,1477,-3895,2440,-3242,3717,-574,0,-174,0,10309,5,8759,-37,8817,-50,5,3,0,0,4698,4698
856,10699,5340,9650,-3772,3170,606,-9,-4,-4,1482,-3890,2445,-3766,3187,573,0,-146,0,10312,5,8762,-37,8820,-62,0,2,0,5,4698,4698
857,10696,5340,9650,-4042,2267,1823,-4,-4,-4,1477,-3895,2440,-4048,2283,1801,0,-99,0,10312,5,8759,-49,8817,-50,0,3,0,0,4698,4698
858,10699,5340,9650,-3929,1109,2840,0,-2,-7,1466,-3895,2440,-3940,1130,2813,0,-47,0,10315,5,8762,-25,8820,-50,5,3,0,9,4698,4698
859,10696,5342,9650,-3453,-217,3549,-2,-4,-4,1471,-3895,2445,-3458,-190,3549,0,14,0,10318,5,8759,-37,8820,-50,0,2,0,9,4698,4698
860,10692,5340,9650,-2636,-1472,3949,-7,-2,-2,1471,-3895,2440,-2646,-1456,3944,0,98,0,10315,5,8759,-37,8817,-50,-6,3,0,17,4698,4698
861,10696,5342,9650,-1537,-2554,3971,-9,-4,-4,1460,-3906,2434,-1548,-2544,3966,0,140,0,10315,5,8762,-37,8820,-50,5,3,0,11,4698,4698
862,10696,5340,9650,-266,-3404,3598,-2,0,-7,1477,-3890,2445,-276,-3393,3609,0,163,0,10318,5,8759,-37,8820,-50,-6,2,0,7,4698,4698
863,10689,5340,9650,1006,-3913,2884,2,2,0,1477,-3895,2440,1006,-3913,2894,0,304,0,10318,5,8755,-49,8820,-50,0,4,0,6,4698,4698
864,10689,5338,9650,2288,-4053,1736,0,7,-7,1471,-3895,2440,2294,-4064,1742,0,206,0,10318,5,8759,-37,8817,-50,-6,0,0,0,4698,4698
865,10689,5338,9650,3100,-3815,660,0,2,-7,1471,-3890,2445,3116,-3826,665,0,168,0,10328,5,8762,-37,8820,-50,5,2,0,-3,4698,4698
866,10682,5336,9650,3722,-3225,-628,2,4,-2,1477,-3895,2440,3744,-3231,-634,0,135,0,10322,5,8759,-49,8817,-62,0,3,0,-1,4698,4698
867,10689,5338,9650,3998,-2306,-1846,-4,-4,-7,1477,-3890,2445,4020,-2316,-1862,0,93,0,10328,5,8759,-37,8820,-38,0,2,0,-9,4698,4698
868,10686,5338,9650,3885,-1158,-2863,-9,-2,-2,1482,-3890,2445,3912,-1169,-2879,0,37,0,10331,5,8759,-37,8820,-50,0,2,0,-7,4698,4698
869,10682,5334,9650,3387,167,-3599,-2,-4,-2,1471,-3895,2440,3425,151,-3615,0,-24,0,10328,5,8762,-49,8817,-62,0,3,0,-10,4698,4698
870,10682,5336,9650,2575,1423,-3994,-7,-14,-7,1471,-3890,2445,2618,1406,-4021,0,-108,0,10338,5,8759,-25,8820,-50,11,3,0,-12,4698,4698
871,10679,5336,9650,1477,2521,-4010,-4,-14,-4,1477,-3890,2445,1515,2510,-4042,0,-141,0,10351,5,8759,-37,8817,-50,5,3,0,-3,4698,4698
872,10679,5334,9650,205,3349,-3647,-9,-11,-2,1477,-3895,2440,243,3343,-3680,0,-169,0,10357,5,8762,-37,8817,-50,0,3,0,-9,4698,4698
873,10686,5332,9650,-1077,3852,-2928,-7,-14,-7,1477,-3885,2451,-1045,3857,-2960,0,-310,0,10364,5,8762,-37,8820,-50,0,3,0,-6,4698,4698
874,10682,5334,9650,-2224,3998,-1921,-7,-7,-4,1477,-3890,2445,-2208,4009,-1965,0,-235,0,10364,5,8759,-37,8820,-38,0,3,0,0,4698,4698
875,10676,5332,9650,-3150,3776,-693,-4,-7,-2,1466,-3890,2440,-3139,3793,-731,0,-169,0,10367,5,8762,-49,8813,-50,5,4,0,-4,4698,4698
876,10676,5332,9650,-3842,3067,762,-4,-7,-7,1471,-3890,2440,-3831,3089,725,0,-146,0,10370,5,8762,-49,8817,-62,5,3,0,6,4698,4698
877,10676,5330,9650,-4042,2267,1818,-4,-11,-2,1477,-3885,2440,-4048,2288,1796,0,-99,0,10373,5,8759,-37,8813,-50,0,3,0,4,4698,4698
878,10672,5328,9650,-3929,1114,2835,-2,-9,-2,1466,-3890,2440,-3940,1130,2819,0,-47,0,10373,5,8762,-49,8813,-50,5,2,0,9,4698,4698
879,10672,5330,9650,-3447,-217,3549,-7,-9,-9,1477,-3885,2440,-3458,-190,3554,0,9,0,10380,5,8762,-25,8820,-50,5,2,0,14,4698,4698
880,10672,5330,9650,-2636,-1472,3949,-7,-4,-2,1477,-3895,2434,-2646,-1456,3949,0,93,0,10380,5,8755,-37,8817,-50,-6,1,0,11,4698,4698
881,10666,5326,9650,-1537,-2554,3966,2,7,-2,1471,-3890,2440,-1548,-2549,3966,0,135,0,10376,5,8755,-49,8817,-62,0,2,0,12,4698,4698
882,10669,5328,9650,-266,-3393,3609,-2,-2,-11,1477,-3885,2451,-271,-3393,3609,0,163,0,10383,5,8762,-25,8820,-25,0,1,0,7,4698,4698
883,10669,5326,9650,1011,-3918,2884,0,0,-7,1482,-3890,2440,1006,-3913,2894,0,304,0,10386,5,8759,-37,8817,-62,0,2,0,1,4698,4698
884,10666,5326,9650,2164,-4064,1888,0,4,0,1471,-3890,2440,2169,-4075,1888,0,229,0,10386,5,8759,-49,8817,-50,-6,2,0,6,4698,4698
885,10666,5328,9650,3100,-3810,654,-2,-7,-7,1471,-3885,2445,3122,-3826,665,0,168,0,10389,5,8762,-25,8820,-38,5,3,0,-4,4698,4698
886,10662,5326,9650,3722,-3215,-634,-4,-2,-4,1477,-3885,2440,3744,-3231,-628,0,135,0,10389,5,8755,-49,8817,-75,0,1,0,-5,4698,4698
887,10662,5324,9650,3993,-2295,-1856,2,-2,0,1471,-3890,2440,4031,-2322,-1867,0,93,0,10389,5,8762,-49,8820,-50,0,2,0,-9,4698,4698
888,10659,5326,9650,3879,-1142,-2868,-4,-9,-9,1477,-3885,2445,3917,-1164,-2874,0,37,0,10393,5,8762,-25,8820,-38,5,1,0,-10,4698,4698
889,10659,5324,9650,3398,178,-3593,-4,-7,-7,1477,-3885,2440,3338,303,-3691,0,-47,0,10393,5,8762,-25,8823,-50,11,1,0,-11,4698,4698
890,10659,5322,9650,2580,1412,-3988,-2,-7,-4,1466,-3890,2440,2613,1406,-4021,0,-104,0,10396,5,8762,-37,8817,-50,0,2,0,-12,4698,4698
891,10659,5324,9650,1487,2499,-4005,-4,-9,-9,1477,-3885,2440,1525,2510,-4037,0,-141,0,10399,5,8762,-25,8820,-38,11,2,0,-6,4698,4698
892,10659,5322,9650,211,3333,-3642,-9,-4,-4,1477,-3890,2440,243,3343,-3680,0,-164,0,10399,5,8755,-37,8813,-75,0,0,0,-4,4698,4698
893,10656,5320,9650,-1072,3852,-2922,-11,-4,0,1471,-3885,2440,-1056,3857,-2960,0,-300,0,10399,5,8762,-49,8823,-50,0,2,0,-6,4698,4698
894,10656,5322,9650,-2219,3993,-1921,-9,-14,-4,1477,-3890,2440,-2208,4014,-1965,0,-230,0,10402,5,8762,-37,8820,-38,5,1,0,-4,4698,4698
895,10652,5320,9650,-3150,3760,-688,-2,-11,-4,1471,-3890,2440,-3144,3782,-736,0,-164,0,10405,5,8759,-37,8817,-50,0,2,0,0,4698,4698
896,10652,5318,9650,-3766,3176,611,-7,-9,-7,1471,-3885,2434,-3777,3192,573,0,-136,0,10405,5,8762,-49,8820,-50,5,2,0,5,4698,4698
897,10652,5320,9650,-4037,2245,1958,-9,-4,-7,1477,-3885,2440,-4053,2153,1931,0,-104,0,10405,5,8759,-49,8817,-50,5,2,0,7,4698,4698
898,10649,5320,9650,-3929,1098,2829,-7,-4,-7,1477,-3879,2440,-3945,1125,2813,0,-43,0,10409,5,8759,-37,8817,-50,0,2,0,7,4698,4698
899,10646,5316,9650,-3458,-212,3554,-2,0,-4,1471,-3890,2434,-3458,-195,3538,0,18,0,10409,5,8765,-37,8826,-50,5,2,0,14,4698,4698
900,10652,5318,9650,-2636,-1472,3944,-2,-2,-7,1471,-3890,2440,-2646,-1456,3944,0,93,0,10412,5,8762,-25,8820,-38,0,1,0,16,4698,4698
901,10646,5316,9650,-1548,-2554,3955,0,0,-2,1477,-3885,2440,-1553,-2544,3966,0,131,0,10412,5,8759,-37,8813,-62,-6,1,0,8,4698,4698
902,10642,5316,9650,-276,-3388,3598,4,2,-2,1466,-3890,2440,-282,-3393,3603,0,168,0,10409,5,8762,-37,8820,-38,5,2,0,11,4698,4698
903,10649,5316,9650,1001,-3907,2873,-4,-7,-9,1477,-3885,2440,1011,-3913,2894,0,299,0,10418,5,8762,-37,8820,-62,-6,2,0,6,4698,4698
904,10639,5318,9650,2158,-4053,1872,-2,2,0,1471,-3885,2434,2169,-4069,1888,0,224,0,10415,5,8759,-49,8817,-38,-6,3,0,4,4698,4698
905,10642,5314,9650,3100,-3810,660,2,2,2,1466,-3885,2440,3116,-3831,660,0,173,0,10415,5,8762,-37,8820,-50,0,2,0,-2,4698,4698
906,10646,5314,9650,3722,-3209,-628,-7,-4,-7,1477,-3879,2445,3749,-3225,-628,0,140,0,10418,5,8762,-25,8820,-38,5,2,0,-7,4698,4698
907,10639,5314,9650,3982,-2311,-1862,0,0,-4,1471,-3885,2445,4014,-2322,-1862,0,84,0,10422,5,8759,-49,8817,-50,-6,1,0,-6,4698,4698
908,10639,5312,9650,3879,-1148,-2863,-4,0,-2,1466,-3890,2434,3917,-1158,-2874,0,37,0,10418,5,8762,-37,8820,-38,0,3,0,-11,4698,4698
909,10639,5312,9650,3398,178,-3593,-4,-7,-9,1471,-3879,2440,3430,151,-3615,0,-29,0,10422,5,8765,-37,8817,-50,5,1,0,-8,4698,4698
910,10639,5314,9650,2575,1417,-3988,-2,-2,-4,1471,-3885,2434,2613,1401,-4021,0,-99,0,10425,5,8759,-37,8817,-62,0,2,0,-7,4698,4698
911,10636,5310,9650,1487,2510,-4015,2,-2,-2,1471,-3879,2434,1525,2505,-4042,0,-141,0,10425,5,8762,-37,8820,-38,5,3,0,-11,4698,4698
912,10636,5308,9650,43,3414,-3583,-4,-4,-4,1477,-3885,2440,81,3414,-3610,0,-188,0,10428,5,8762,-37,8820,-50,0,3,0,-6,4698,4698
913,10636,5308,9650,-1077,3847,-2933,-4,-9,-2,1477,-3885,2434,-1056,3852,-2960,0,-305,0,10428,5,8759,-49,8817,-50,0,0,0,-3,4698,4698
914,10636,5310,9650,-2219,3998,-1927,-4,-9,-2,1466,-3890,2434,-2203,4014,-1965,0,-230,0,10428,5,8765,-37,8820,-25,0,2,0,0,4698,4698
915,10632,5310,9650,-3155,3771,-699,-11,-11,-9,1471,-3885,2445,-3139,3787,-731,0,-169,0,10434,5,8765,-37,8820,-50,0,1,0,3,4698,4698
916,10629,5306,9650,-3777,3181,600,-4,-2,-2,1477,-3885,2434,-3772,3192,573,0,-136,0,10438,5,8755,-49,8817,-62,0,1,0,3,4698,4698
917,10629,5308,9650,-4042,2272,1823,-2,-7,-4,1466,-3890,2440,-4048,2283,1791,0,-104,0,10431,5,8762,-37,8820,-50,0,2,0,11,4698,4698
918,10629,5308,9650,-3929,1114,2829,-4,-9,-7,1471,-3874,2440,-3940,1130,2813,0,-47,0,10438,5,8759,-37,8820,-62,0,0,0,11,4698,4698
919,10626,5306,9650,-3447,-217,3554,-4,-4,-7,1471,-3879,2440,-3458,-184,3554,0,14,0,10438,5,8759,-37,8817,-50,5,2,0,13,4698,4698
920,10622,5306,9650,-2630,-1478,3949,-2,-4,-4,1477,-3885,2434,-2646,-1456,3960,0,93,0,10438,5,8759,-37,8820,-50,0,2,0,9,4698,4698
921,10626,5304,9650,-1543,-2565,3960,-9,-7,-4,1471,-3879,2440,-1553,-2549,3966,0,126,0,10444,5,8765,-25,8817,-38,0,2,0,7,4698,4698
922,10622,5304,9650,-271,-3404,3592,-2,0,-2,1471,-3879,2434,-282,-3393,3603,0,168,0,10447,5,8759,-62,8817,-62,0,1,0,11,4698,4698
923,10622,5304,9650,1006,-3918,2884,0,4,-4,1466,-3885,2434,1006,-3918,2894,0,299,0,10441,5,8762,-37,8820,-38,0,2,0,6,4698,4698
924,10622,5304,9650,2164,-4064,1882,-4,0,-9,1471,-3879,2440,2169,-4069,1893,0,220,0,10444,5,8759,-37,8817,-62,-12,1,0,3,4698,4698
925,10619,5302,9650,3100,-3821,660,0,2,-4,1471,-3879,2440,3111,-3831,660,0,168,0,10447,5,8759,-37,8817,-50,-6,2,0,3,4698,4698
926,10616,5304,9650,3733,-3215,-623,2,-2,-4,1466,-3879,2434,3749,-3225,-628,0,135,0,10444,5,8759,-25,8820,-38,11,2,0,-7,4698,4698
927,10616,5304,9650,3993,-2311,-1856,-2,-4,-4,1471,-3879,2440,4020,-2322,-1862,0,88,0,10451,5,8762,-49,8820,-50,0,1,0,-6,4698,4698
928,10612,5300,9650,3879,-1153,-2863,-2,-4,-2,1471,-3890,2429,3906,-1169,-2879,0,37,0,10451,5,8759,-37,8817,-62,-6,2,0,-3,4698,4698
929,10616,5302,9650,3398,178,-3593,-7,-7,-2,1466,-3885,2434,3430,151,-3615,0,-29,0,10451,5,8762,-37,8820,-38,11,2,0,-11,4698,4698
930,10619,5302,9650,2575,1423,-3988,-7,-11,-7,1471,-3879,2440,2613,1406,-4021,0,-99,0,10454,5,8759,-37,8817,-50,0,2,0,-7,4698,4698
931,10612,5300,9650,1482,2510,-4010,-4,-11,-4,1471,-3874,2434,1520,2505,-4042,0,-141,0,10454,5,8759,-37,8817,-62,5,3,0,-11,4698,4698
932,10616,5300,9650,216,3354,-3642,-14,-11,-9,1477,-3879,2440,243,3349,-3674,0,-169,0,10454,5,8762,-37,8820,-38,11,2,0,-7,4698,4698
933,10612,5300,9650,-1077,3857,-2928,-7,-11,-9,1477,-3879,2445,-1050,3863,-2966,0,-305,0,10457,5,8762,-37,8817,-50,0,2,0,0,4698,4698
934,10609,5296,9650,-2224,4009,-1927,-4,-9,-4,1466,-3885,2429,-2203,4014,-1965,0,-235,0,10454,5,8759,-37,8817,-50,-6,2,0,-7,4698,4698
935,10609,5296,9650,-3150,3771,-693,-4,-7,-4,1460,-3885,2434,-3144,3787,-731,0,-169,0,10457,5,8762,-37,8820,-50,0,2,0,2,4698,4698
936,10606,5296,9650,-3772,3176,600,-9,-9,-7,1471,-3879,2434,-3772,3197,573,0,-136,0,10460,5,8759,-37,8820,-62,5,2,0,3,4698,4698
937,10602,5296,9650,-4037,2256,1823,0,-7,-2,1471,-3879,2434,-4053,2277,1796,0,-99,0,10460,5,8759,-49,8820,-50,5,1,0,7,4698,4698
938,10602,5294,9650,-3923,1109,2846,-2,-2,-9,1460,-3890,2434,-3940,1130,2819,0,-47,0,10460,5,8762,-37,8820,-50,5,2,0,12,4698,4698
939,10602,5294,9650,-3453,-212,3554,-7,-4,-7,1471,-3879,2434,-3463,-190,3544,0,14,0,10467,5,8762,-37,8817,-62,5,2,0,11,4698,4698
940,10602,5294,9650,-2641,-1467,3944,-7,0,-4,1471,-3885,2429,-2646,-1456,3944,0,93,0,10467,5,8759,-37,8817,-50,0,2,0,16,4698,4698
941,10599,5294,9650,-1548,-2549,3955,-4,0,-4,1471,-3879,2424,-1402,-2668,3944,0,135,0,10470,5,8755,-49,8817,-62,-6,0,0,8,4698,4698
942,10602,5294,9650,-271,-3388,3592,-2,0,-7,1471,-3879,2440,-282,-3399,3603,0,163,0,10470,5,8759,-37,8817,-50,0,1,0,9,4698,4698
943,10596,5290,9650,1001,-3918,2878,0,2,-2,1471,-3885,2429,1001,-3918,2884,0,299,0,10470,5,8752,-49,8817,-62,-6,2,0,8,4698,4698
944,10602,5294,9650,2164,-4059,1882,-7,-2,-7,1477,-3879,2440,2175,-4069,1893,0,220,0,10470,5,8762,-37,8820,-38,0,2,0,1,4698,4698
945,10596,5290,9650,3095,-3810,649,-4,-4,-7,1471,-3879,2440,3111,-3831,665,0,163,0,10476,5,8759,-49,8820,-62,0,1,0,-1,4698,4698
946,10596,5290,9650,3717,-3204,-628,2,0,-4,1466,-3879,2434,3749,-3231,-628,0,135,0,10473,5,8759,-49,8817,-50,5,2,0,-3,4698,4698
947,10599,5292,9650,3987,-2295,-1856,-4,-4,-9,1471,-3879,2434,4025,-2322,-1862,0,88,0,10476,5,8762,-25,8820,-38,0,1,0,-13,4698,4698
948,10592,5292,9650,3874,-1142,-2868,-4,-7,-7,1482,-3874,2445,3912,-1169,-2879,0,37,0,10480,5,8759,-37,8817,-50,0,1,0,-9,4698,4698
949,10589,5288,9650,3398,173,-3588,0,-2,-4,1466,-3879,2434,3430,151,-3620,0,-29,0,10476,5,8762,-37,8817,-38,0,2,0,-11,4698,4698
950,10592,5290,9650,2580,1412,-3988,-4,-9,-7,1466,-3879,2434,2613,1412,-4015,0,-104,0,10480,5,8762,-37,8820,-50,5,3,0,-10,4698,4698
951,10589,5290,9650,1487,2489,-4010,-4,-4,-7,1466,-3879,2434,1515,2499,-4042,0,-141,0,10486,5,8759,-37,8817,-62,5,1,0,-6,4698,4698
952,10589,5290,9650,221,3343,-3637,-9,-4,-4,1471,-3879,2429,243,3343,-3674,0,-164,0,10480,5,8762,-49,8817,-50,5,1,0,-9,4698,4698
953,10589,5290,9650,-1077,3841,-2928,-7,-11,-9,1471,-3874,2434,-1039,3868,-2960,0,-310,0,10486,5,8759,-37,8820,-50,5,1,0,-5,4698,4698
954,10586,5288,9650,-2219,3987,-1927,-7,-11,-4,1471,-3879,2434,-2214,4009,-1965,0,-235,0,10489,5,8755,-49,8820,-75,-6,1,0,0,4698,4698
955,10582,5284,9650,-3150,3765,-699,-4,-9,-2,1460,-3879,2434,-3144,3782,-731,0,-169,0,10486,5,8759,-37,8813,-38,5,2,0,0,4698,4698
956,10586,5284,9650,-3766,3176,606,-14,-9,-7,1471,-3874,2434,-3766,3197,578,0,-141,0,10489,5,8762,-25,8817,-50,5,1,0,5,4698,4698
957,10582,5284,9650,-4042,2256,1818,-7,-7,-7,1471,-3874,2434,-4048,2277,1796,0,-99,0,10492,5,8759,-49,8817,-50,0,1,0,6,4698,4698
958,10582,5284,9650,-3923,1109,2840,-2,-2,-4,1466,-3879,2434,-3934,1125,2813,0,-43,0,10489,5,8762,-37,8813,-62,5,2,0,7,4698,4698
959,10582,5286,9650,-3453,-217,3554,-4,-7,-11,1466,-3879,2434,-3458,-184,3549,0,9,0,10496,5,8762,-37,8820,-50,11,2,0,16,4698,4698
960,10579,5286,9650,-2522,-1635,3977,-9,-4,-7,1477,-3874,2429,-2533,-1613,3966,0,103,0,10496,5,8759,-37,8820,-50,0,2,0,16,4698,4698
961,10576,5282,9650,-1543,-2554,3966,0,0,-2,1466,-3879,2429,-1559,-2544,3966,0,135,0,10492,5,8759,-37,8820,-62,0,2,0,14,4698,4698
962,10572,5282,9650,-266,-3399,3603,-4,-4,-7,1471,-3874,2440,-276,-3388,3609,0,168,0,10499,5,8762,-49,8823,-50,0,3,0,11,4698,4698
963,10579,5282,9650,1001,-3913,2884,-4,-4,-7,1477,-3874,2440,1006,-3913,2889,0,304,0,10499,5,8759,-37,8820,-50,0,1,0,1,4698,4698
964,10576,5280,9650,2158,-4064,1888,-7,0,-4,1466,-3879,2429,2169,-4069,1888,0,224,0,10499,5,8762,-49,8817,-50,0,2,0,4,4698,4698
965,10572,5282,9650,3100,-3821,492,-7,4,-2,1471,-3879,2429,3208,-3783,497,0,159,0,10502,5,8759,-37,8817,-50,-6,2,0,1,4698,4698
966,10569,5280,9650,3728,-3220,-623,-2,2,-4,1466,-3868,2434,3744,-3225,-628,0,135,0,10505,5,8759,-37,8817,-50,0,2,0,-4,4698,4698
967,10572,5278,9650,4004,-2306,-1851,0,2,-4,1466,-3874,2429,4020,-2322,-1862,0,93,0,10502,5,8762,-49,8820,-50,0,3,0,-11,4698,4698
968,10576,5280,9650,3879,-1153,-2863,-9,-2,-4,1477,-3868,2440,3912,-1164,-2879,0,42,0,10505,5,8759,-25,8820,-50,5,2,0,-9,4698,4698
969,10569,5278,9650,3398,173,-3599,0,2,-2,1471,-3874,2434,3430,146,-3620,0,-24,0,10509,5,8755,-49,8813,-50,-6,1,0,-7,4698,4698
970,10566,5278,9650,2575,1423,-3999,-2,-2,-2,1466,-3874,2429,2613,1406,-4026,0,-99,0,10509,5,8762,-49,8820,-75,5,2,0,-7,4698,4698
971,10566,5278,9650,1482,2516,-4010,-9,-11,-9,1466,-3874,2440,1520,2505,-4042,0,-146,0,10509,5,8759,-37,8820,-50,17,1,0,-7,4698,4698
972,10569,5278,9650,205,3343,-3653,-7,-7,-4,1477,-3874,2434,243,3343,-3680,0,-169,0,10515,5,8759,-49,8813,-50,0,1,0,-7,4698,4698
973,10559,5274,9650,-1077,3857,-2922,0,-9,-7,1466,-3874,2429,-1050,3863,-2966,0,-310,0,10512,5,8762,-37,8820,-50,0,1,0,-6,4698,4698
974,10563,5276,9650,-2219,4004,-1921,-9,-14,-7,1471,-3874,2434,-2203,4009,-1959,0,-235,0,10515,5,8762,-37,8820,-50,0,0,0,0,4698,4698
975,10559,5276,9650,-3155,3771,-699,-7,-9,-2,1466,-3874,2429,-3139,3787,-731,0,-169,0,10518,5,8752,-37,8813,-62,5,1,0,0,4698,4698
976,10563,5272,9650,-3772,3187,606,-9,-7,-7,1471,-3874,2434,-3777,3192,562,0,-141,0,10515,5,8765,-25,8817,-50,5,2,0,3,4698,4698
977,10559,5274,9650,-4042,2267,1818,-7,-9,-4,1466,-3874,2429,-4048,2288,1796,0,-99,0,10521,5,8762,-37,8817,-50,5,2,0,9,4698,4698
978,10556,5274,9650,-3934,1114,2829,-7,-4,-2,1466,-3874,2434,-3945,1130,2813,0,-47,0,10521,5,8759,-49,8813,-50,5,2,0,8,4698,4698
979,10559,5272,9650,-3447,-212,3560,0,0,0,1466,-3874,2434,-3458,-190,3544,0,18,0,10525,5,8762,-37,8817,-62,0,2,0,16,4698,4698
980,10556,5274,9650,-2636,-1472,3949,-4,-2,-7,1471,-3874,2434,-2646,-1456,3944,0,93,0,10525,5,8765,-37,8817,-50,-6,2,0,11,4698,4698
981,10553,5272,9650,-1537,-2554,3966,-7,2,-4,1466,-3874,2434,-1553,-2549,3966,0,135,0,10525,5,8759,-49,8817,-75,-6,2,0,11,4698,4698
982,10556,5270,9650,-266,-3393,3598,2,0,-7,1460,-3874,2424,-276,-3399,3609,0,168,0,10525,5,8762,-37,8820,-50,0,3,0,11,4698,4698
983,10559,5272,9650,1011,-3913,2884,-4,-4,-9,1471,-3874,2440,1006,-3918,2894,0,309,0,10534,5,8759,-25,8820,-50,-12,2,0,4,4698,4698
984,10549,5270,9650,2158,-4064,1882,-2,4,-2,1466,-3879,2424,2164,-4075,1888,0,229,0,10528,5,8759,-49,8813,-50,0,2,0,0,4698,4698
985,10553,5270,9650,3100,-3810,654,0,4,-4,1460,-3874,2429,3122,-3826,665,0,168,0,10531,5,8762,-37,8823,-50,5,3,0,-6,4698,4698
986,10553,5270,9650,3728,-3209,-628,-4,0,-7,1471,-3874,2429,3755,-3231,-623,0,131,0,10534,5,8762,-25,8817,-50,0,2,0,-6,4698,4698
987,10549,5268,9650,3987,-2295,-1862,-2,0,-4,1466,-3868,2424,4020,-2322,-1862,0,88,0,10534,5,8759,-49,8817,-62,-6,2,0,-6,4698,4698
988,10549,5268,9650,3879,-1142,-2868,-2,0,0,1471,-3874,2429,3912,-1169,-2879,0,37,0,10538,5,8762,-25,8820,-25,5,2,0,-13,4698,4698
989,10549,5268,9650,3300,303,-3691,-4,-2,-2,1471,-3879,2424,3333,297,-3696,0,-47,0,10541,5,8759,-37,8817,-38,5,2,0,-10,4698,4698
990,10549,5266,9650,2580,1406,-3988,-2,-4,-2,1466,-3874,2429,2608,1406,-4021,0,-99,0,10541,5,8755,-37,8817,-62,0,2,0,-5,4698,4698
991,10543,5266,9650,1487,2505,-4005,-4,-7,-4,1460,-3874,2434,1520,2499,-4042,0,-141,0,10538,5,8759,-37,8817,-38,11,2,0,-10,4698,4698
992,10546,5266,9650,216,3333,-3642,-11,-11,-4,1471,-3868,2429,243,3343,-3680,0,-164,0,10544,5,8759,-37,8820,-50,5,1,0,-7,4698,4698
993,10543,5264,9650,-1072,3847,-2928,-4,-9,-4,1466,-3868,2429,-1050,3863,-2960,0,-305,0,10547,5,8755,-37,8813,-50,0,1,0,0,4698,4698
994,10539,5264,9650,-2219,3998,-1921,-2,-9,-4,1466,-3874,2429,-2208,4009,-1965,0,-230,0,10544,5,8762,-37,8817,-50,0,2,0,-3,4698,4698
995,10543,5264,9650,-3144,3765,-693,-9,-9,-7,1471,-3863,2434,-3144,3787,-726,0,-169,0,10547,5,8759,-25,8817,-38,5,3,0,1,4698,4698
996,10536,5262,9650,-3772,3165,606,-2,-7,-7,1471,-3868,2429,-3772,3192,568,0,-141,0,10547,5,8759,-49,8817,-62,0,0,0,1,4698,4698
997,10536,5262,9650,-4032,2250,1823,-7,-9,-7,1460,-3874,2424,-4048,2288,1796,0,-104,0,10547,5,8759,-49,8820,-38,5,2,0,13,4698,4698
998,10539,5262,9650,-3923,1103,2829,-4,-9,-9,1466,-3868,2434,-3945,1125,2813,0,-47,0,10550,5,8759,-37,8820,-62,0,2,0,11,4698,4698
999,10529,5262,9650,-3453,-212,3549,0,-4,-2,1466,-3868,2429,-3458,-190,3544,0,18,0,10550,5,8759,-49,8813,-50,5,2,0,10,4698,4698
1000,10529,5260,9650,-2630,-1456,3955,-9,-4,-9,1471,-3868,2429,-2646,-1451,3944,0,98,0,10550,5,8762,-25,8820,-38,5,2,0,16,4698,4698
